2019-2-27 8:05:35.1,6
2019-2-27 8:06:11.0,5
2019-2-27 8:08:52.7,5
2019-2-27 8:09:46.6,5
2019-2-27 8:11:16.5,5
2019-2-27 8:13:40.1,5
2019-2-27 8:16:04.5,4
2019-2-27 8:16:40.4,2
2019-2-27 8:16:58.4,3
2019-2-27 8:19:40.1,4
2019-2-27 8:21:45.8,4
2019-2-27 8:22:03.8,5
2019-2-27 8:24:27.5,4
2019-2-27 8:25:39.4,4
2019-2-27 8:26:33.3,4
2019-2-27 8:27:09.3,2
2019-2-27 8:28:21.1,4
2019-2-27 8:30:26.9,4
2019-2-27 8:32:14.7,4
2019-2-27 8:32:32.6,4
2019-2-27 8:34:20.4,6
2019-2-27 8:34:38.4,4
2019-2-27 8:35:32.3,3
2019-2-27 8:37:02.1,4
2019-2-27 8:37:38.0,4
2019-2-27 8:39:07.9,3
2019-2-27 8:40:37.6,4
2019-2-27 8:43:01.4,6
2019-2-27 8:45:07.2,5
2019-2-27 8:46:55.0,4
2019-2-27 8:47:48.9,5
2019-2-27 8:48:42.7,5
2019-2-27 8:49:00.7,4
2019-2-27 8:51:42.5,5
2019-2-27 8:52:00.4,5
2019-2-27 8:52:54.3,6
2019-2-27 8:55:00.1,6
2019-2-27 8:55:18.0,5
2019-2-27 8:57:42.7,5
2019-2-27 9:00:06.5,5
2019-2-27 9:00:42.4,4
2019-2-27 9:01:00.3,6
2019-2-27 9:02:30.2,3
2019-2-27 9:03:42.0,43
2019-2-27 9:04:35.9,41
2019-2-27 9:05:47.8,43
2019-2-27 9:06:05.8,43
2019-2-27 9:09:41.3,43
2019-2-27 9:09:59.3,39
2019-2-27 9:11:11.7,42
2019-2-27 9:11:29.7,45
2019-2-27 9:13:17.5,44
2019-2-27 9:13:53.4,46
2019-2-27 9:15:42.1,41
2019-2-27 9:17:29.9,43
2019-2-27 9:18:23.8,44
2019-2-27 9:19:53.6,44
2019-2-27 9:20:11.6,44
2019-2-27 9:21:59.4,46
2019-2-27 9:23:47.2,45
2019-2-27 9:25:17.0,45
2019-2-27 9:25:52.9,46
2019-2-27 9:26:46.9,46
2019-2-27 9:28:34.6,45
2019-2-27 9:28:52.7,45
2019-2-27 9:30:22.5,44
2019-2-27 9:31:34.3,47
2019-2-27 9:32:28.2,47
2019-2-27 9:35:27.9,46
2019-2-27 9:38:09.6,45
2019-2-27 9:39:21.4,44
2019-2-27 9:41:27.2,45
2019-2-27 9:41:45.2,43
2019-2-27 9:42:57.1,45
2019-2-27 9:43:15.0,47
2019-2-27 9:43:32.9,48
2019-2-27 9:45:38.7,43
2019-2-27 9:45:56.7,43
2019-2-27 9:47:08.5,48
2019-2-27 9:48:20.4,45
2019-2-27 9:48:56.4,43
2019-2-27 9:50:26.1,49
2019-2-27 9:55:14.3,48
2019-2-27 9:55:50.2,49
2019-2-27 9:56:44.1,48
2019-2-27 9:57:20.0,48
2019-2-27 9:59:07.9,49
2019-2-27 9:59:43.8,49
2019-2-27 10:00:01.7,46
2019-2-27 10:01:49.6,46
2019-2-27 10:03:19.3,50
2019-2-27 10:03:37.3,45
2019-2-27 10:05:43.1,47
2019-2-27 10:07:48.8,48
2019-2-27 10:08:42.8,46
2019-2-27 10:09:18.7,47
2019-2-27 10:11:24.4,50
2019-2-27 10:12:00.4,47
2019-2-27 10:13:12.3,43
2019-2-27 10:13:30.2,45
2019-2-27 10:15:36.0,47
2019-2-27 10:15:54.0,45
2019-2-27 10:17:59.7,46
2019-2-27 10:18:17.7,54
2019-2-27 10:18:53.6,66
2019-2-27 10:19:29.6,66
2019-2-27 10:20:23.4,65
2019-2-27 10:20:41.4,64
2019-2-27 10:22:29.9,47
2019-2-27 10:28:29.2,42
2019-2-27 10:28:47.2,44
2019-2-27 10:29:23.1,43
2019-2-27 10:32:22.7,42
2019-2-27 10:32:51.8,50
2019-2-27 10:33:10.2,52
2019-2-27 10:33:16.6,43
2019-2-27 10:33:28.0,54
2019-2-27 10:33:45.7,49
2019-2-27 10:34:03.5,52
2019-2-27 10:34:21.7,49
2019-2-27 10:34:28.6,47
2019-2-27 10:34:36.0,52
2019-2-27 10:34:39.4,52
2019-2-27 10:34:57.3,49
2019-2-27 10:35:15.6,51
2019-2-27 10:35:22.4,44
2019-2-27 10:35:33.8,50
2019-2-27 10:35:40.4,45
2019-2-27 10:35:51.6,53
2019-2-27 10:36:10.0,49
2019-2-27 10:36:27.1,52
2019-2-27 10:36:45.5,54
2019-2-27 10:36:52.2,43
2019-2-27 10:37:03.1,50
2019-2-27 10:37:21.7,53
2019-2-27 10:37:28.2,45
2019-2-27 10:37:39.2,53
2019-2-27 10:37:57.4,53
2019-2-27 10:38:15.3,51
2019-2-27 10:38:22.1,44
2019-2-27 10:38:32.9,54
2019-2-27 10:38:51.6,54
2019-2-27 10:39:09.2,49
2019-2-27 10:39:13.8,54
2019-2-27 10:39:27.1,52
2019-2-27 10:39:39.1,54
2019-2-27 10:39:44.9,49
2019-2-27 10:40:02.8,51
2019-2-27 10:40:20.8,50
2019-2-27 10:40:27.8,45
2019-2-27 10:40:39.2,49
2019-2-27 10:40:56.8,50
2019-2-27 10:41:14.7,50
2019-2-27 10:41:32.9,53
2019-2-27 10:41:50.6,50
2019-2-27 10:42:08.8,49
2019-2-27 10:42:15.7,43
2019-2-27 10:42:27.0,52
2019-2-27 10:42:33.6,49
2019-2-27 10:42:44.9,50
2019-2-27 10:43:02.8,51
2019-2-27 10:43:20.6,47
2019-2-27 10:43:28.1,49
2019-2-27 10:43:38.6,52
2019-2-27 10:43:56.3,50
2019-2-27 10:44:14.6,52
2019-2-27 10:44:22.0,46
2019-2-27 10:44:32.7,47
2019-2-27 10:44:40.0,42
2019-2-27 10:44:50.6,51
2019-2-27 10:45:07.4,52
2019-2-27 10:45:08.7,50
2019-2-27 10:45:08.7,50
2019-2-27 10:45:13.6,52
2019-2-27 10:45:26.5,51
2019-2-27 10:45:33.8,49
2019-2-27 10:45:44.7,50
2019-2-27 10:46:02.6,50
2019-2-27 10:46:09.8,46
2019-2-27 10:46:20.4,50
2019-2-27 10:46:38.4,50
2019-2-27 10:46:45.8,46
2019-2-27 10:46:56.0,50
2019-2-27 10:47:14.0,53
2019-2-27 10:47:31.9,47
2019-2-27 10:47:50.0,50
2019-2-27 10:48:08.3,49
2019-2-27 10:48:25.8,49
2019-2-27 10:48:33.5,42
2019-2-27 10:48:44.6,51
2019-2-27 10:49:02.0,52
2019-2-27 10:49:20.2,50
2019-2-27 10:49:38.4,49
2019-2-27 10:49:45.3,45
2019-2-27 10:49:56.0,49
2019-2-27 10:50:14.3,50
2019-2-27 10:50:31.9,52
2019-2-27 10:50:49.8,54
2019-2-27 10:51:07.6,54
2019-2-27 10:51:25.8,54
2019-2-27 10:51:43.6,49
2019-2-27 10:52:01.4,51
2019-2-27 10:52:19.7,50
2019-2-27 10:52:27.1,49
2019-2-27 10:52:37.8,50
2019-2-27 10:52:55.9,50
2019-2-27 10:53:03.0,45
2019-2-27 10:53:13.8,53
2019-2-27 10:53:31.5,51
2019-2-27 10:53:35.8,50
2019-2-27 10:53:49.6,49
2019-2-27 10:54:07.2,54
2019-2-27 10:54:14.9,48
2019-2-27 10:54:25.4,49
2019-2-27 10:54:43.3,52
2019-2-27 10:55:01.4,50
2019-2-27 10:55:20.0,49
2019-2-27 10:55:37.3,49
2019-2-27 10:55:55.3,49
2019-2-27 10:56:12.9,52
2019-2-27 10:56:20.7,45
2019-2-27 10:56:31.3,50
2019-2-27 10:56:49.4,51
2019-2-27 10:56:56.6,46
2019-2-27 10:57:07.3,49
2019-2-27 10:57:14.5,47
2019-2-27 10:57:25.2,49
2019-2-27 10:57:43.2,52
2019-2-27 10:58:01.2,51
2019-2-27 10:58:08.5,45
2019-2-27 10:58:19.1,50
2019-2-27 10:58:37.0,49
2019-2-27 10:58:54.8,51
2019-2-27 10:59:12.9,49
2019-2-27 10:59:20.3,49
2019-2-27 10:59:31.3,51
2019-2-27 10:59:49.2,50
2019-2-27 10:59:56.8,44
2019-2-27 11:00:06.8,49
2019-2-27 11:00:14.9,48
2019-2-27 11:00:25.2,52
2019-2-27 11:00:42.9,49
2019-2-27 11:01:00.7,53
2019-2-27 11:01:18.4,47
2019-2-27 11:01:36.8,49
2019-2-27 11:01:54.3,49
2019-2-27 11:02:12.7,47
2019-2-27 11:02:30.2,52
2019-2-27 11:02:38.5,48
2019-2-27 11:02:48.2,52
2019-2-27 11:02:56.5,48
2019-2-27 11:03:06.3,53
2019-2-27 11:03:14.5,46
2019-2-27 11:03:24.2,49
2019-2-27 11:03:36.3,49
2019-2-27 11:03:42.5,54
2019-2-27 11:03:42.7,54
2019-2-27 11:04:00.5,54
2019-2-27 11:04:18.4,49
2019-2-27 11:04:36.2,47
2019-2-27 11:04:54.2,49
2019-2-27 11:05:12.3,50
2019-2-27 11:05:30.6,50
2019-2-27 11:05:38.9,54
2019-2-27 11:05:47.9,50
2019-2-27 11:05:57.2,49
2019-2-27 11:06:06.2,51
2019-2-27 11:06:24.4,51
2019-2-27 11:06:32.1,44
2019-2-27 11:06:41.8,49
2019-2-27 11:07:00.2,48
2019-2-27 11:07:17.8,53
2019-2-27 11:07:26.0,45
2019-2-27 11:07:36.2,53
2019-2-27 11:07:43.1,54
2019-2-27 11:07:51.2,50
2019-2-27 11:07:54.2,53
2019-2-27 11:08:12.0,53
2019-2-27 11:08:29.6,54
2019-2-27 11:08:47.5,52
2019-2-27 11:08:55.8,44
2019-2-27 11:09:05.9,54
2019-2-27 11:09:23.7,50
2019-2-27 11:09:41.9,52
2019-2-27 11:09:59.3,54
2019-2-27 11:10:17.6,50
2019-2-27 11:10:33.7,52
2019-2-27 11:10:35.6,50
2019-2-27 11:10:53.3,52
2019-2-27 11:10:54.4,49
2019-2-27 11:11:11.6,53
2019-2-27 11:11:29.5,49
2019-2-27 11:11:37.6,46
2019-2-27 11:11:47.3,54
2019-2-27 11:12:05.3,51
2019-2-27 11:12:23.5,49
2019-2-27 11:12:41.1,50
2019-2-27 11:12:59.2,50
2019-2-27 11:13:17.2,49
2019-2-27 11:13:35.0,53
2019-2-27 11:13:53.4,49
2019-2-27 11:14:01.3,45
2019-2-27 11:14:11.3,50
2019-2-27 11:14:29.3,49
2019-2-27 11:14:37.2,46
2019-2-27 11:14:47.2,49
2019-2-27 11:15:05.5,52
2019-2-27 11:15:23.0,54
2019-2-27 11:15:41.0,52
2019-2-27 11:15:58.8,55
2019-2-27 11:16:07.0,45
2019-2-27 11:16:16.9,53
2019-2-27 11:16:35.4,49
2019-2-27 11:16:53.0,49
2019-2-27 11:17:11.1,49
2019-2-27 11:17:28.9,51
2019-2-27 11:17:46.9,49
2019-2-27 11:18:04.6,50
2019-2-27 11:18:12.8,41
2019-2-27 11:18:23.2,54
2019-2-27 11:18:40.8,47
2019-2-27 11:18:58.8,51
2019-2-27 11:19:06.7,42
2019-2-27 11:19:16.9,54
2019-2-27 11:19:24.6,43
2019-2-27 11:19:34.5,49
2019-2-27 11:19:52.6,49
2019-2-27 11:20:10.7,51
2019-2-27 11:20:28.2,51
2019-2-27 11:20:47.4,48
2019-2-27 11:20:54.5,43
2019-2-27 11:21:04.4,49
2019-2-27 11:21:22.1,49
2019-2-27 11:21:40.0,51
2019-2-27 11:21:58.4,54
2019-2-27 11:22:16.4,49
2019-2-27 11:22:24.3,43
2019-2-27 11:22:34.3,50
2019-2-27 11:22:52.2,51
2019-2-27 11:23:10.2,49
2019-2-27 11:23:28.3,49
2019-2-27 11:23:46.2,52
2019-2-27 11:24:04.2,50
2019-2-27 11:24:22.2,49
2019-2-27 11:24:30.1,41
2019-2-27 11:24:39.7,50
2019-2-27 11:24:58.0,50
2019-2-27 11:25:15.6,50
2019-2-27 11:25:34.0,48
2019-2-27 11:25:52.9,52
2019-2-27 11:26:10.0,50
2019-2-27 11:26:17.9,43
2019-2-27 11:26:27.8,51
2019-2-27 11:26:45.8,49
2019-2-27 11:27:03.6,52
2019-2-27 11:27:22.3,49
2019-2-27 11:27:39.3,48
2019-2-27 11:27:47.7,46
2019-2-27 11:27:57.6,51
2019-2-27 11:28:15.9,52
2019-2-27 11:28:23.7,43
2019-2-27 11:28:33.7,50
2019-2-27 11:28:41.6,45
2019-2-27 11:28:51.5,54
2019-2-27 11:29:09.7,53
2019-2-27 11:29:09.7,53
2019-2-27 11:29:27.6,50
2019-2-27 11:29:45.2,51
2019-2-27 11:29:53.5,43
2019-2-27 11:30:03.2,51
2019-2-27 11:30:21.5,49
2019-2-27 11:30:39.3,54
2019-2-27 11:30:46.2,51
2019-2-27 11:30:48.7,53
2019-2-27 11:30:57.0,54
2019-2-27 11:30:58.0,49
2019-2-27 11:31:00.3,49
2019-2-27 11:31:05.3,44
2019-2-27 11:31:15.4,54
2019-2-27 11:31:33.4,49
2019-2-27 11:31:50.9,52
2019-2-27 11:31:59.2,42
2019-2-27 11:32:08.9,54
2019-2-27 11:32:17.2,42
2019-2-27 11:32:27.3,49
2019-2-27 11:32:45.1,54
2019-2-27 11:33:03.2,54
2019-2-27 11:33:21.3,50
2019-2-27 11:33:38.7,51
2019-2-27 11:33:47.1,44
2019-2-27 11:33:57.1,51
2019-2-27 11:34:15.0,53
2019-2-27 11:34:27.1,53
2019-2-27 11:34:32.6,54
2019-2-27 11:34:40.9,42
2019-2-27 11:34:50.6,53
2019-2-27 11:35:08.9,50
2019-2-27 11:35:26.9,50
2019-2-27 11:35:34.8,45
2019-2-27 11:35:44.9,49
2019-2-27 11:35:52.8,46
2019-2-27 11:36:02.8,53
2019-2-27 11:36:20.9,49
2019-2-27 11:36:34.7,49
2019-2-27 11:36:38.7,50
2019-2-27 11:36:56.6,49
2019-2-27 11:37:14.6,49
2019-2-27 11:37:32.7,50
2019-2-27 11:37:35.4,50
2019-2-27 11:37:39.8,50
2019-2-27 11:37:50.3,52
2019-2-27 11:38:08.6,52
2019-2-27 11:38:16.6,45
2019-2-27 11:38:26.2,51
2019-2-27 11:38:44.1,49
2019-2-27 11:39:02.5,54
2019-2-27 11:39:20.3,49
2019-2-27 11:39:28.4,45
2019-2-27 11:39:34.9,52
2019-2-27 11:39:38.4,49
2019-2-27 11:39:44.3,49
2019-2-27 11:39:56.0,53
2019-2-27 11:40:04.3,48
2019-2-27 11:40:14.2,53
2019-2-27 11:40:32.1,52
2019-2-27 11:40:50.3,51
2019-2-27 11:41:08.5,50
2019-2-27 11:41:26.3,51
2019-2-27 11:41:44.2,51
2019-2-27 11:42:02.2,50
2019-2-27 11:42:10.1,45
2019-2-27 11:42:20.2,50
2019-2-27 11:42:38.0,53
2019-2-27 11:42:56.1,50
2019-2-27 11:43:14.0,53
2019-2-27 11:43:32.0,50
2019-2-27 11:43:49.9,51
2019-2-27 11:44:07.6,53
2019-2-27 11:44:25.5,49
2019-2-27 11:44:33.8,43
2019-2-27 11:44:43.4,51
2019-2-27 11:45:01.9,48
2019-2-27 11:45:09.7,45
2019-2-27 11:45:19.6,50
2019-2-27 11:45:37.6,49
2019-2-27 11:45:55.3,52
2019-2-27 11:46:03.7,44
2019-2-27 11:46:13.3,50
2019-2-27 11:46:31.7,49
2019-2-27 11:46:49.5,51
2019-2-27 11:47:07.5,50
2019-2-27 11:47:25.5,47
2019-2-27 11:47:43.6,51
2019-2-27 11:47:51.4,44
2019-2-27 11:48:01.3,50
2019-2-27 11:48:19.5,54
2019-2-27 11:48:27.4,46
2019-2-27 11:48:37.4,50
2019-2-27 11:48:55.5,54
2019-2-27 11:49:13.5,51
2019-2-27 11:49:31.2,49
2019-2-27 11:49:49.4,49
2019-2-27 11:50:07.2,51
2019-2-27 11:50:15.2,46
2019-2-27 11:50:24.9,49
2019-2-27 11:50:43.3,52
2019-2-27 11:51:01.2,51
2019-2-27 11:51:19.3,49
2019-2-27 11:51:36.6,49
2019-2-27 11:51:55.3,47
2019-2-27 11:52:12.7,54
2019-2-27 11:52:31.2,50
2019-2-27 11:52:38.9,45
2019-2-27 11:52:48.9,48
2019-2-27 11:53:06.6,48
2019-2-27 11:53:24.9,54
2019-2-27 11:53:32.8,47
2019-2-27 11:53:42.6,48
2019-2-27 11:54:00.8,51
2019-2-27 11:54:08.8,45
2019-2-27 11:54:18.5,54
2019-2-27 11:54:36.8,50
2019-2-27 11:54:44.7,46
2019-2-27 11:54:54.4,47
2019-2-27 11:55:12.4,54
2019-2-27 11:55:30.7,54
2019-2-27 11:55:48.2,54
2019-2-27 11:56:06.6,51
2019-2-27 11:56:24.7,54
2019-2-27 11:56:32.4,46
2019-2-27 11:56:42.4,49
2019-2-27 11:56:50.4,47
2019-2-27 11:57:00.5,53
2019-2-27 11:57:18.1,51
2019-2-27 11:57:36.4,51
2019-2-27 11:57:54.1,51
2019-2-27 11:58:12.0,54
2019-2-27 11:58:30.7,51
2019-2-27 11:58:48.3,51
2019-2-27 11:59:05.9,51
2019-2-27 11:59:24.2,53
2019-2-27 11:59:32.2,44
2019-2-27 11:59:42.0,50
2019-2-27 12:00:00.4,51
2019-2-27 12:00:18.0,50
2019-2-27 12:00:26.1,45
2019-2-27 12:00:36.0,52
2019-2-27 12:00:53.9,50
2019-2-27 12:01:11.8,51
2019-2-27 12:01:30.5,49
2019-2-27 12:01:47.5,49
2019-2-27 12:02:05.9,49
2019-2-27 12:02:23.8,49
2019-2-27 12:02:31.7,45
2019-2-27 12:02:41.7,52
2019-2-27 12:02:59.4,49
2019-2-27 12:03:18.0,54
2019-2-27 12:03:35.8,51
2019-2-27 12:03:43.6,45
2019-2-27 12:03:53.8,53
2019-2-27 12:04:01.6,45
2019-2-27 12:04:11.7,53
2019-2-27 12:04:29.5,53
2019-2-27 12:04:37.6,45
2019-2-27 12:04:47.6,53
2019-2-27 12:05:05.6,52
2019-2-27 12:05:23.2,51
2019-2-27 12:05:31.4,43
2019-2-27 12:05:41.3,52
2019-2-27 12:05:59.1,52
2019-2-27 12:06:17.1,52
2019-2-27 12:06:35.0,49
2019-2-27 12:06:43.3,44
2019-2-27 12:06:53.3,49
2019-2-27 12:07:11.0,52
2019-2-27 12:07:29.3,52
2019-2-27 12:07:43.8,52
2019-2-27 12:07:47.1,53
2019-2-27 12:07:55.2,43
2019-2-27 12:08:04.8,54
2019-2-27 12:08:22.9,49
2019-2-27 12:08:32.2,49
2019-2-27 12:08:40.1,53
2019-2-27 12:08:41.0,53
2019-2-27 12:08:49.0,47
2019-2-27 12:08:59.0,54
2019-2-27 12:09:02.9,52
2019-2-27 12:09:06.8,52
2019-2-27 12:09:08.5,53
2019-2-27 12:09:12.7,54
2019-2-27 12:09:17.1,50
2019-2-27 12:09:28.8,49
2019-2-27 12:09:31.2,49
2019-2-27 12:09:34.1,54
2019-2-27 12:09:35.6,50
2019-2-27 12:09:35.7,50
2019-2-27 12:09:35.9,51
2019-2-27 12:09:43.5,53
2019-2-27 12:09:45.3,53
2019-2-27 12:09:46.7,53
2019-2-27 12:09:49.7,53
2019-2-27 12:09:53.4,53
2019-2-27 12:09:53.6,53
2019-2-27 12:10:01.0,48
2019-2-27 12:10:11.8,54
2019-2-27 12:10:29.4,54
2019-2-27 12:10:42.3,53
2019-2-27 12:10:42.4,53
2019-2-27 12:10:42.7,53
2019-2-27 12:10:43.6,49
2019-2-27 12:10:43.7,52
2019-2-27 12:10:43.9,51
2019-2-27 12:10:44.1,51
2019-2-27 12:10:44.3,52
2019-2-27 12:10:44.3,51
2019-2-27 12:10:45.1,52
2019-2-27 12:10:45.2,52
2019-2-27 12:10:46.3,52
2019-2-27 12:10:46.7,49
2019-2-27 12:10:47.5,54
2019-2-27 12:10:55.5,43
2019-2-27 12:11:05.3,54
2019-2-27 12:11:23.4,49
2019-2-27 12:11:41.0,50
2019-2-27 12:11:59.5,50
2019-2-27 12:12:17.3,49
2019-2-27 12:12:35.4,50
2019-2-27 12:12:43.3,46
2019-2-27 12:12:53.1,49
2019-2-27 12:13:11.5,50
2019-2-27 12:13:29.0,52
2019-2-27 12:13:47.3,53
2019-2-27 12:13:55.1,44
2019-2-27 12:14:05.1,54
2019-2-27 12:14:23.2,54
2019-2-27 12:14:31.1,45
2019-2-27 12:14:40.7,50
2019-2-27 12:14:58.7,54
2019-2-27 12:15:17.1,49
2019-2-27 12:15:35.2,50
2019-2-27 12:15:35.8,54
2019-2-27 12:15:53.1,51
2019-2-27 12:16:10.6,50
2019-2-27 12:16:29.0,51
2019-2-27 12:16:46.8,50
2019-2-27 12:16:54.7,45
2019-2-27 12:17:04.9,54
2019-2-27 12:17:12.8,44
2019-2-27 12:17:23.0,54
2019-2-27 12:17:40.4,54
2019-2-27 12:17:46.4,50
2019-2-27 12:17:52.9,54
2019-2-27 12:17:52.9,54
2019-2-27 12:17:53.6,49
2019-2-27 12:17:58.5,49
2019-2-27 12:17:58.7,52
2019-2-27 12:18:16.8,49
2019-2-27 12:18:22.5,50
2019-2-27 12:18:24.4,51
2019-2-27 12:18:27.8,51
2019-2-27 12:18:28.4,51
2019-2-27 12:18:30.8,50
2019-2-27 12:18:34.7,49
2019-2-27 12:18:38.6,54
2019-2-27 12:18:41.6,50
2019-2-27 12:18:46.8,54
2019-2-27 12:18:47.5,54
2019-2-27 12:18:52.3,54
2019-2-27 12:19:00.6,44
2019-2-27 12:19:10.5,47
2019-2-27 12:19:18.5,46
2019-2-27 12:19:28.4,50
2019-2-27 12:19:47.6,51
2019-2-27 12:20:04.1,49
2019-2-27 12:20:22.3,50
2019-2-27 12:20:30.4,45
2019-2-27 12:20:40.4,49
2019-2-27 12:20:48.3,47
2019-2-27 12:20:58.4,49
2019-2-27 12:21:16.1,54
2019-2-27 12:21:34.4,50
2019-2-27 12:21:52.2,51
2019-2-27 12:22:00.3,45
2019-2-27 12:22:09.8,54
2019-2-27 12:22:28.3,49
2019-2-27 12:22:45.9,50
2019-2-27 12:22:54.1,45
2019-2-27 12:23:04.4,52
2019-2-27 12:23:21.7,52
2019-2-27 12:23:40.3,53
2019-2-27 12:23:57.7,50
2019-2-27 12:24:16.1,49
2019-2-27 12:24:23.9,46
2019-2-27 12:24:33.8,50
2019-2-27 12:24:41.9,42
2019-2-27 12:24:51.7,49
2019-2-27 12:25:10.0,50
2019-2-27 12:25:28.3,48
2019-2-27 12:25:46.1,50
2019-2-27 12:26:03.5,50
2019-2-27 12:26:21.4,52
2019-2-27 12:26:40.1,49
2019-2-27 12:26:57.7,49
2019-2-27 12:27:15.3,47
2019-2-27 12:27:23.6,46
2019-2-27 12:27:33.7,48
2019-2-27 12:27:41.5,45
2019-2-27 12:27:51.7,47
2019-2-27 12:28:09.5,47
2019-2-27 12:28:17.5,42
2019-2-27 12:28:27.8,53
2019-2-27 12:28:45.6,47
2019-2-27 12:28:53.4,45
2019-2-27 12:29:21.2,49
2019-2-27 12:29:39.2,47
2019-2-27 12:29:57.1,53
2019-2-27 12:30:15.6,52
2019-2-27 12:30:33.1,50
2019-2-27 12:30:51.2,50
2019-2-27 12:31:09.3,50
2019-2-27 12:31:27.2,47
2019-2-27 12:31:45.2,49
2019-2-27 12:31:53.1,45
2019-2-27 12:32:03.2,50
2019-2-27 12:32:20.8,53
2019-2-27 12:32:39.0,51
2019-2-27 12:32:56.8,49
2019-2-27 12:33:14.6,53
2019-2-27 12:33:32.8,49
2019-2-27 12:33:40.9,46
2019-2-27 12:33:50.7,50
2019-2-27 12:34:08.5,47
2019-2-27 12:34:16.8,47
2019-2-27 12:34:26.9,52
2019-2-27 12:34:44.8,50
2019-2-27 12:35:02.5,52
2019-2-27 12:35:20.9,49
2019-2-27 12:35:38.5,49
2019-2-27 12:35:56.8,49
2019-2-27 12:36:14.6,53
2019-2-27 12:36:32.7,49
2019-2-27 12:36:50.3,52
2019-2-27 12:37:08.5,52
2019-2-27 12:37:26.1,52
2019-2-27 12:37:34.4,52
2019-2-27 12:37:44.6,52
2019-2-27 12:38:02.2,52
2019-2-27 12:38:10.4,52
2019-2-27 12:38:20.6,52
2019-2-27 12:38:38.3,52
2019-2-27 12:38:56.3,52
2019-2-27 12:39:04.3,52
2019-2-27 12:39:14.1,52
2019-2-27 12:39:32.0,52
2019-2-27 12:39:50.3,52
2019-2-27 12:40:08.1,52
2019-2-27 12:40:26.0,52
2019-2-27 12:40:44.4,52
2019-2-27 12:40:52.1,52
2019-2-27 12:41:02.2,52
2019-2-27 12:41:10.0,52
2019-2-27 12:41:20.1,52
2019-2-27 12:41:38.1,52
2019-2-27 12:41:55.7,52
2019-2-27 12:42:04.0,52
2019-2-27 12:42:14.0,52
2019-2-27 12:42:31.8,52
2019-2-27 12:42:49.7,52
2019-2-27 12:43:07.7,52
2019-2-27 12:43:15.9,52
2019-2-27 12:43:25.8,52
2019-2-27 12:43:33.8,52
2019-2-27 12:43:43.8,52
2019-2-27 12:44:01.7,52
2019-2-27 12:44:09.7,52
2019-2-27 12:44:19.6,52
2019-2-27 12:44:37.4,52
2019-2-27 12:44:55.4,52
2019-2-27 12:45:04.5,52
2019-2-27 12:45:13.4,52
2019-2-27 12:45:31.9,52
2019-2-27 12:45:49.9,52
2019-2-27 12:45:58.4,52
2019-2-27 12:46:07.6,52
2019-2-27 12:46:25.7,52
2019-2-27 12:46:43.7,52
2019-2-27 12:46:52.2,52
2019-2-27 12:47:01.5,52
2019-2-27 12:47:19.1,52
2019-2-27 12:47:37.5,52
2019-2-27 12:47:46.2,52
2019-2-27 12:47:55.4,52
2019-2-27 12:48:13.8,52
2019-2-27 12:48:31.2,52
2019-2-27 12:48:49.4,52
2019-2-27 12:49:07.0,52
2019-2-27 12:49:25.0,52
2019-2-27 12:49:33.9,52
2019-2-27 12:49:38.4,52
2019-2-27 12:49:42.3,52
2019-2-27 12:49:42.8,52
2019-2-27 12:49:45.0,52
2019-2-27 12:49:47.6,52
2019-2-27 12:49:57.3,52
2019-2-27 12:50:01.1,52
2019-2-27 12:50:01.9,52
2019-2-27 12:50:18.8,52
2019-2-27 12:50:27.8,52
2019-2-27 12:50:36.7,52
2019-2-27 12:50:54.6,52
2019-2-27 12:51:13.3,52
2019-2-27 12:51:21.7,52
2019-2-27 12:51:30.7,52
2019-2-27 12:51:48.9,52
2019-2-27 12:52:07.0,52
2019-2-27 12:52:24.9,52
2019-2-27 12:52:33.6,52
2019-2-27 12:52:42.6,52
2019-2-27 12:53:00.6,52
2019-2-27 12:53:07.6,52
2019-2-27 12:53:18.5,52
2019-2-27 12:53:37.5,52
2019-2-27 12:53:54.5,52
2019-2-27 12:54:12.4,52
2019-2-27 12:54:30.6,52
2019-2-27 12:54:48.5,52
2019-2-27 12:55:06.5,52
2019-2-27 12:55:24.6,52
2019-2-27 12:55:42.6,52
2019-2-27 12:56:00.1,52
2019-2-27 12:56:18.8,52
2019-2-27 12:56:36.5,52
2019-2-27 12:56:45.2,52
2019-2-27 12:56:54.3,52
2019-2-27 12:57:12.4,52
2019-2-27 12:57:30.1,52
2019-2-27 12:57:48.6,52
2019-2-27 12:57:57.0,52
2019-2-27 12:58:06.3,52
2019-2-27 12:58:23.9,52
2019-2-27 12:58:42.5,52
2019-2-27 12:59:00.1,52
2019-2-27 12:59:08.0,52
2019-2-27 12:59:18.1,52
2019-2-27 12:59:26.8,52
2019-2-27 12:59:31.5,52
2019-2-27 12:59:33.6,52
2019-2-27 12:59:36.2,52
2019-2-27 12:59:41.0,52
2019-2-27 12:59:53.8,52
2019-2-27 13:00:12.3,52
2019-2-27 13:00:20.7,52
2019-2-27 13:00:29.6,52
2019-2-27 13:00:47.9,52
2019-2-27 13:00:56.7,52
2019-2-27 13:01:06.2,52
2019-2-27 13:01:24.0,52
2019-2-27 13:01:41.5,52
2019-2-27 13:01:59.8,52
2019-2-27 13:02:03.4,52
2019-2-27 13:02:08.6,52
2019-2-27 13:02:13.8,52
2019-2-27 13:02:15.1,52
2019-2-27 13:02:17.8,52
2019-2-27 13:02:17.9,52
2019-2-27 13:02:26.4,52
2019-2-27 13:02:35.6,52
2019-2-27 13:02:53.7,46
2019-2-27 13:03:02.4,47
2019-2-27 13:03:11.3,47
2019-2-27 13:03:29.6,49
2019-2-27 13:03:38.3,46
2019-2-27 13:03:47.6,53
2019-2-27 13:04:05.9,46
2019-2-27 13:04:23.6,53
2019-2-27 13:04:41.7,49
2019-2-27 13:04:59.2,49
2019-2-27 13:05:17.5,50
2019-2-27 13:05:35.2,49
2019-2-27 13:05:44.1,46
2019-2-27 13:05:53.1,49
2019-2-27 13:06:11.4,47
2019-2-27 13:06:29.5,47
2019-2-27 13:06:38.0,45
2019-2-27 13:06:47.2,51
2019-2-27 13:07:04.9,47
2019-2-27 13:07:13.9,45
2019-2-27 13:07:23.3,49
2019-2-27 13:07:40.8,46
2019-2-27 13:07:59.1,47
2019-2-27 13:08:16.9,49
2019-2-27 13:08:35.3,53
2019-2-27 13:08:53.1,50
2019-2-27 13:09:11.0,49
2019-2-27 13:09:19.7,45
2019-2-27 13:09:28.7,50
2019-2-27 13:09:37.7,44
2019-2-27 13:09:47.0,51
2019-2-27 13:10:05.1,50
2019-2-27 13:10:23.0,50
2019-2-27 13:10:31.6,46
2019-2-27 13:10:40.9,49
2019-2-27 13:10:58.7,47
2019-2-27 13:11:16.8,53
2019-2-27 13:11:34.7,50
2019-2-27 13:11:52.9,50
2019-2-27 13:12:10.7,49
2019-2-27 13:12:19.3,49
2019-2-27 13:12:28.3,50
2019-2-27 13:12:37.4,46
2019-2-27 13:12:46.7,47
2019-2-27 13:13:04.6,46
2019-2-27 13:13:40.2,47
2019-2-27 13:13:49.1,48
2019-2-27 13:13:58.1,46
2019-2-27 13:14:08.6,47
2019-2-27 13:14:16.2,48
2019-2-27 13:14:34.3,49
2019-2-27 13:14:53.2,50
2019-2-27 13:15:01.1,44
2019-2-27 13:15:11.4,54
2019-2-27 13:15:29.3,50
2019-2-27 13:15:37.0,47
2019-2-27 13:15:47.3,49
2019-2-27 13:16:05.1,52
2019-2-27 13:16:23.1,48
2019-2-27 13:16:42.5,52
2019-2-27 13:16:59.1,49
2019-2-27 13:17:06.8,45
2019-2-27 13:17:16.6,49
2019-2-27 13:17:34.6,49
2019-2-27 13:17:52.6,49
2019-2-27 13:18:00.7,47
2019-2-27 13:18:10.7,50
2019-2-27 13:18:28.8,51
2019-2-27 13:18:47.7,54
2019-2-27 13:19:04.6,49
2019-2-27 13:19:22.4,49
2019-2-27 13:19:30.6,45
2019-2-27 13:19:40.8,49
2019-2-27 13:19:58.5,50
2019-2-27 13:20:16.4,49
2019-2-27 13:20:24.4,42
2019-2-27 13:20:34.3,49
2019-2-27 13:20:35.0,49
2019-2-27 13:20:52.6,49
2019-2-27 13:21:00.4,46
2019-2-27 13:21:10.4,49
2019-2-27 13:21:29.0,49
2019-2-27 13:21:46.5,47
2019-2-27 13:21:51.9,49
2019-2-27 13:22:04.4,52
2019-2-27 13:22:22.5,52
2019-2-27 13:22:40.3,50
2019-2-27 13:22:48.2,45
2019-2-27 13:22:58.6,53
2019-2-27 13:23:16.4,51
2019-2-27 13:23:33.4,47
2019-2-27 13:23:34.3,49
2019-2-27 13:23:35.0,53
2019-2-27 13:23:41.0,51
2019-2-27 13:23:52.0,52
2019-2-27 13:24:10.0,47
2019-2-27 13:24:28.0,49
2019-2-27 13:24:36.0,46
2019-2-27 13:24:45.9,53
2019-2-27 13:25:04.1,50
2019-2-27 13:25:22.2,51
2019-2-27 13:25:40.1,52
2019-2-27 13:25:58.1,54
2019-2-27 13:26:16.0,51
2019-2-27 13:26:33.8,50
2019-2-27 13:26:51.6,53
2019-2-27 13:27:09.8,52
2019-2-27 13:27:17.7,46
2019-2-27 13:27:27.9,49
2019-2-27 13:27:35.6,47
2019-2-27 13:27:45.9,53
2019-2-27 13:28:03.7,47
2019-2-27 13:28:10.1,53
2019-2-27 13:28:17.8,52
2019-2-27 13:28:19.7,52
2019-2-27 13:28:21.7,49
2019-2-27 13:28:22.3,54
2019-2-27 13:28:22.4,51
2019-2-27 13:28:24.3,50
2019-2-27 13:28:26.8,50
2019-2-27 13:28:27.8,53
2019-2-27 13:28:28.4,52
2019-2-27 13:28:28.7,49
2019-2-27 13:28:39.7,49
2019-2-27 13:28:57.4,50
2019-2-27 13:29:15.6,50
2019-2-27 13:29:33.7,49
2019-2-27 13:29:41.4,43
2019-2-27 13:29:51.3,49
2019-2-27 13:29:59.4,42
2019-2-27 13:30:09.4,47
2019-2-27 13:30:17.3,44
2019-2-27 13:30:27.6,54
2019-2-27 13:30:45.6,52
2019-2-27 13:31:03.4,51
2019-2-27 13:31:21.9,49
2019-2-27 13:31:39.4,52
2019-2-27 13:31:47.2,47
2019-2-27 13:31:57.4,50
2019-2-27 13:32:15.3,56
2019-2-27 13:32:33.4,50
2019-2-27 13:32:41.1,45
2019-2-27 13:32:50.9,53
2019-2-27 13:33:09.5,50
2019-2-27 13:33:27.4,47
2019-2-27 13:33:44.8,50
2019-2-27 13:34:03.7,50
2019-2-27 13:34:20.9,51
2019-2-27 13:34:39.3,54
2019-2-27 13:34:46.9,48
2019-2-27 13:34:57.1,54
2019-2-27 13:35:04.8,47
2019-2-27 13:35:15.1,50
2019-2-27 13:35:32.7,51
2019-2-27 13:35:51.1,49
2019-2-27 13:36:08.6,47
2019-2-27 13:36:26.6,46
2019-2-27 13:36:34.6,46
2019-2-27 13:36:44.6,50
2019-2-27 13:37:02.6,49
2019-2-27 13:37:10.5,47
2019-2-27 13:37:21.7,49
2019-2-27 13:37:39.6,52
2019-2-27 13:37:57.6,49
2019-2-27 13:38:15.3,49
2019-2-27 13:38:33.7,53
2019-2-27 13:38:51.0,46
2019-2-27 13:39:09.5,47
2019-2-27 13:39:27.3,48
2019-2-27 13:39:45.0,46
2019-2-27 13:40:03.5,49
2019-2-27 13:40:21.0,53
2019-2-27 13:40:38.9,46
2019-2-27 13:40:46.2,41
2019-2-27 13:40:57.3,53
2019-2-27 13:41:15.1,49
2019-2-27 13:41:32.8,50
2019-2-27 13:41:32.8,50
2019-2-27 13:41:50.7,53
2019-2-27 13:42:09.1,50
2019-2-27 13:42:26.8,53
2019-2-27 13:42:44.9,47
2019-2-27 13:42:52.0,46
2019-2-27 13:43:02.6,50
2019-2-27 13:43:10.0,43
2019-2-27 13:43:20.8,49
2019-2-27 13:43:38.5,50
2019-2-27 13:43:56.9,49
2019-2-27 13:44:14.5,53
2019-2-27 13:44:32.9,47
2019-2-27 13:44:39.8,42
2019-2-27 13:44:50.4,50
2019-2-27 13:45:08.7,50
2019-2-27 13:45:26.6,50
2019-2-27 13:45:44.2,50
2019-2-27 13:46:02.6,52
2019-2-27 13:46:15.8,49
2019-2-27 13:46:20.7,50
2019-2-27 13:46:38.5,49
2019-2-27 13:46:56.5,50
2019-2-27 13:47:11.3,50
2019-2-27 13:47:14.4,47
2019-2-27 13:47:21.4,50
2019-2-27 13:47:32.4,50
2019-2-27 13:47:39.4,48
2019-2-27 13:47:50.1,53
2019-2-27 13:48:08.6,51
2019-2-27 13:48:26.1,48
2019-2-27 13:48:44.4,53
2019-2-27 13:48:52.3,50
2019-2-27 13:49:02.5,50
2019-2-27 13:49:20.3,53
2019-2-27 13:49:27.2,46
2019-2-27 13:49:38.0,51
2019-2-27 13:50:03.1,49
2019-2-27 13:50:14.1,48
2019-2-27 13:50:32.1,48
2019-2-27 13:50:50.1,47
2019-2-27 13:51:08.0,49
2019-2-27 13:51:15.0,49
2019-2-27 13:51:20.8,48
2019-2-27 13:51:25.8,49
2019-2-27 13:51:25.9,49
2019-2-27 13:51:44.4,50
2019-2-27 13:52:02.4,52
2019-2-27 13:52:08.9,45
2019-2-27 13:52:20.1,50
2019-2-27 13:52:37.5,52
2019-2-27 13:52:55.9,47
2019-2-27 13:53:13.6,49
2019-2-27 13:53:20.8,46
2019-2-27 13:53:31.8,46
2019-2-27 13:53:49.9,50
2019-2-27 13:54:07.7,50
2019-2-27 13:54:25.3,53
2019-2-27 13:54:30.9,46
2019-2-27 13:54:43.4,49
2019-2-27 13:54:43.5,49
2019-2-27 13:55:01.3,46
2019-2-27 13:55:19.9,47
2019-2-27 13:55:37.6,47
2019-2-27 13:55:55.2,52
2019-2-27 13:56:13.5,49
2019-2-27 13:56:31.3,50
2019-2-27 13:56:49.3,50
2019-2-27 13:57:07.1,53
2019-2-27 13:57:25.5,51
2019-2-27 13:57:32.3,45
2019-2-27 13:57:43.0,51
2019-2-27 13:58:01.3,49
2019-2-27 13:58:18.9,53
2019-2-27 13:58:37.3,47
2019-2-27 13:58:44.2,43
2019-2-27 13:58:55.1,50
2019-2-27 13:59:12.9,50
2019-2-27 13:59:20.2,43
2019-2-27 13:59:31.1,53
2019-2-27 13:59:49.2,50
2019-2-27 14:00:06.9,46
2019-2-27 14:00:24.8,51
2019-2-27 14:00:25.1,50
2019-2-27 14:00:25.5,51
2019-2-27 14:00:27.1,51
2019-2-27 14:00:28.9,53
2019-2-27 14:00:30.0,50
2019-2-27 14:00:35.8,46
2019-2-27 14:00:43.0,48
2019-2-27 14:01:00.8,50
2019-2-27 14:01:18.9,49
2019-2-27 14:01:36.9,50
2019-2-27 14:01:43.8,44
2019-2-27 14:01:54.5,49
2019-2-27 14:02:12.8,49
2019-2-27 14:02:19.8,46
2019-2-27 14:02:30.7,46
2019-2-27 14:02:48.7,49
2019-2-27 14:03:06.3,46
2019-2-27 14:03:25.0,49
2019-2-27 14:03:31.6,48
2019-2-27 14:03:42.5,47
2019-2-27 14:04:00.5,49
2019-2-27 14:04:18.8,47
2019-2-27 14:04:36.6,50
2019-2-27 14:05:13.5,48
2019-2-27 14:05:30.4,46
2019-2-27 14:05:48.4,45
2019-2-27 14:06:06.5,43
2019-2-27 14:06:24.2,46
2019-2-27 14:06:42.1,46
2019-2-27 14:07:00.0,46
2019-2-27 14:07:18.0,46
2019-2-27 14:07:36.3,46
2019-2-27 14:07:37.1,46
2019-2-27 14:07:53.9,50
2019-2-27 14:08:01.1,43
2019-2-27 14:08:12.0,48
2019-2-27 14:08:30.1,45
2019-2-27 14:08:48.0,50
2019-2-27 14:09:05.8,49
2019-2-27 14:09:24.1,50
2019-2-27 14:09:42.0,48
2019-2-27 14:10:00.0,50
2019-2-27 14:10:17.6,50
2019-2-27 14:10:35.5,48
2019-2-27 14:10:42.9,45
2019-2-27 14:10:53.8,48
2019-2-27 14:11:06.0,46
2019-2-27 14:11:11.9,48
2019-2-27 14:11:30.2,48
2019-2-27 14:11:36.7,49
2019-2-27 14:11:47.8,50
2019-2-27 14:12:05.8,49
2019-2-27 14:12:23.4,51
2019-2-27 14:12:41.7,50
2019-2-27 14:12:48.6,46
2019-2-27 14:12:59.5,46
2019-2-27 14:13:17.5,48
2019-2-27 14:13:35.4,48
2019-2-27 14:13:53.8,50
2019-2-27 14:13:53.8,46
2019-2-27 14:13:55.4,45
2019-2-27 14:13:57.8,48
2019-2-27 14:14:00.5,48
2019-2-27 14:14:12.5,49
2019-2-27 14:14:18.4,45
2019-2-27 14:14:29.4,50
2019-2-27 14:14:47.1,50
2019-2-27 14:15:04.9,51
2019-2-27 14:15:23.0,48
2019-2-27 14:15:23.7,48
2019-2-27 14:15:35.0,51
2019-2-27 14:15:41.3,49
2019-2-27 14:15:59.4,49
2019-2-27 14:16:16.9,52
2019-2-27 14:16:35.0,48
2019-2-27 14:16:38.0,50
2019-2-27 14:16:38.4,50
2019-2-27 14:16:39.8,50
2019-2-27 14:16:41.9,46
2019-2-27 14:16:46.5,48
2019-2-27 14:16:47.5,48
2019-2-27 14:16:53.1,48
2019-2-27 14:17:00.2,45
2019-2-27 14:17:08.8,49
2019-2-27 14:17:09.8,48
2019-2-27 14:17:10.8,52
2019-2-27 14:17:10.8,51
2019-2-27 14:17:28.8,49
2019-2-27 14:17:46.7,48
2019-2-27 14:18:05.2,48
2019-2-27 14:18:12.0,48
2019-2-27 14:18:22.8,49
2019-2-27 14:18:40.6,46
2019-2-27 14:18:59.2,49
2019-2-27 14:19:16.9,50
2019-2-27 14:19:23.8,45
2019-2-27 14:19:34.8,48
2019-2-27 14:19:52.5,45
2019-2-27 14:19:59.8,44
2019-2-27 14:20:10.5,46
2019-2-27 14:20:28.7,47
2019-2-27 14:20:47.1,47
2019-2-27 14:21:04.5,49
2019-2-27 14:21:22.6,50
2019-2-27 14:21:40.8,45
2019-2-27 14:21:58.6,50
2019-2-27 14:22:05.5,47
2019-2-27 14:22:17.3,51
2019-2-27 14:22:35.1,49
2019-2-27 14:22:53.3,50
2019-2-27 14:22:53.4,50
2019-2-27 14:23:11.2,54
2019-2-27 14:23:17.4,48
2019-2-27 14:23:28.9,50
2019-2-27 14:23:46.9,51
2019-2-27 14:24:05.1,47
2019-2-27 14:24:23.2,50
2019-2-27 14:24:41.1,50
2019-2-27 14:24:47.3,45
2019-2-27 14:24:58.9,50
2019-2-27 14:25:16.9,48
2019-2-27 14:25:23.2,48
2019-2-27 14:25:34.6,50
2019-2-27 14:25:41.2,42
2019-2-27 14:25:53.1,52
2019-2-27 14:26:11.0,51
2019-2-27 14:26:17.1,46
2019-2-27 14:26:28.9,54
2019-2-27 14:26:46.9,53
2019-2-27 14:27:04.8,47
2019-2-27 14:27:22.8,52
2019-2-27 14:27:40.8,48
2019-2-27 14:27:58.9,47
2019-2-27 14:28:05.5,48
2019-2-27 14:28:16.5,47
2019-2-27 14:28:34.7,52
2019-2-27 14:28:52.6,55
2019-2-27 14:28:59.4,46
2019-2-27 14:29:10.6,49
2019-2-27 14:29:28.4,51
2019-2-27 14:29:46.3,54
2019-2-27 14:29:53.4,50
2019-2-27 14:30:04.6,54
2019-2-27 14:30:22.3,50
2019-2-27 14:30:29.3,45
2019-2-27 14:30:40.4,51
2019-2-27 14:30:58.8,49
2019-2-27 14:31:16.5,53
2019-2-27 14:31:34.1,52
2019-2-27 14:31:52.3,54
2019-2-27 14:32:10.3,49
2019-2-27 14:32:19.8,49
2019-2-27 14:32:23.9,47
2019-2-27 14:32:28.3,50
2019-2-27 14:32:45.1,50
2019-2-27 14:32:46.3,53
2019-2-27 14:32:46.8,50
2019-2-27 14:32:47.1,48
2019-2-27 14:32:47.3,50
2019-2-27 14:32:50.6,52
2019-2-27 14:32:56.2,51
2019-2-27 14:32:59.9,54
2019-2-27 14:33:03.8,49
2019-2-27 14:33:22.2,53
2019-2-27 14:33:30.5,53
2019-2-27 14:33:39.9,54
2019-2-27 14:33:46.8,46
2019-2-27 14:33:58.0,52
2019-2-27 14:33:58.1,47
2019-2-27 14:34:00.4,48
2019-2-27 14:34:01.0,48
2019-2-27 14:34:01.9,48
2019-2-27 14:34:02.1,47
2019-2-27 14:34:02.8,47
2019-2-27 14:34:04.8,46
2019-2-27 14:34:15.9,50
2019-2-27 14:34:18.6,55
2019-2-27 14:34:19.0,55
2019-2-27 14:34:19.3,49
2019-2-27 14:34:20.2,51
2019-2-27 14:34:34.2,49
2019-2-27 14:34:52.0,49
2019-2-27 14:35:10.1,51
2019-2-27 14:35:20.2,54
2019-2-27 14:35:28.0,53
2019-2-27 14:35:28.0,53
2019-2-27 14:35:45.9,52
2019-2-27 14:36:03.8,53
2019-2-27 14:36:21.9,53
2019-2-27 14:36:40.0,52
2019-2-27 14:36:46.5,44
2019-2-27 14:36:57.9,50
2019-2-27 14:37:15.8,50
2019-2-27 14:37:33.8,49
2019-2-27 14:37:51.5,50
2019-2-27 14:38:09.6,51
2019-2-27 14:38:26.6,51
2019-2-27 14:38:27.6,56
2019-2-27 14:38:27.7,56
2019-2-27 14:38:31.9,49
2019-2-27 14:38:32.9,49
2019-2-27 14:38:35.4,49
2019-2-27 14:38:35.8,49
2019-2-27 14:38:36.1,49
2019-2-27 14:38:37.8,50
2019-2-27 14:38:45.2,54
2019-2-27 14:39:03.6,49
2019-2-27 14:39:10.3,45
2019-2-27 14:39:21.4,49
2019-2-27 14:39:28.3,44
2019-2-27 14:39:39.5,50
2019-2-27 14:39:58.2,50
2019-2-27 14:40:15.2,48
2019-2-27 14:40:22.1,46
2019-2-27 14:40:33.9,52
2019-2-27 14:40:51.1,48
2019-2-27 14:41:09.1,48
2019-2-27 14:41:27.4,50
2019-2-27 14:41:45.0,46
2019-2-27 14:41:52.0,45
2019-2-27 14:42:03.2,49
2019-2-27 14:42:21.3,50
2019-2-27 14:42:38.8,49
2019-2-27 14:42:57.2,45
2019-2-27 14:43:14.7,49
2019-2-27 14:43:21.8,45
2019-2-27 14:43:33.3,50
2019-2-27 14:43:51.1,48
2019-2-27 14:44:09.0,48
2019-2-27 14:44:27.0,49
2019-2-27 14:44:33.7,45
2019-2-27 14:44:44.9,49
2019-2-27 14:45:03.1,49
2019-2-27 14:45:09.6,42
2019-2-27 14:45:20.5,46
2019-2-27 14:45:38.8,46
2019-2-27 14:45:56.5,46
2019-2-27 14:46:14.7,47
2019-2-27 14:46:21.5,44
2019-2-27 14:46:32.7,45
2019-2-27 14:46:50.7,49
2019-2-27 14:47:08.5,49
2019-2-27 14:47:26.4,50
2019-2-27 14:47:44.5,46
2019-2-27 14:47:51.3,44
2019-2-27 14:48:02.6,49
2019-2-27 14:48:20.4,48
2019-2-27 14:48:38.4,46
2019-2-27 14:48:56.1,48
2019-2-27 14:49:14.2,47
2019-2-27 14:49:32.4,49
2019-2-27 14:49:50.1,47
2019-2-27 14:49:57.0,44
2019-2-27 14:50:08.5,45
2019-2-27 14:50:26.3,45
2019-2-27 14:50:44.1,49
2019-2-27 14:51:02.5,48
2019-2-27 14:51:20.2,50
2019-2-27 14:51:26.8,42
2019-2-27 14:51:38.1,46
2019-2-27 14:51:56.2,49
2019-2-27 14:52:14.0,48
2019-2-27 14:52:32.1,49
2019-2-27 14:52:49.7,46
2019-2-27 14:53:07.9,50
2019-2-27 14:53:25.6,49
2019-2-27 14:53:32.6,42
2019-2-27 14:53:44.0,49
2019-2-27 14:54:01.6,44
2019-2-27 14:54:19.7,49
2019-2-27 14:54:37.8,49
2019-2-27 14:54:55.4,45
2019-2-27 14:55:13.7,46
2019-2-27 14:55:21.1,48
2019-2-27 14:55:31.7,52
2019-2-27 14:55:49.6,50
2019-2-27 14:56:06.3,51
2019-2-27 14:56:07.6,51
2019-2-27 14:56:25.6,49
2019-2-27 14:56:43.7,52
2019-2-27 14:56:50.9,45
2019-2-27 14:57:03.0,52
2019-2-27 14:57:19.4,45
2019-2-27 14:57:26.8,46
2019-2-27 14:57:37.4,50
2019-2-27 14:57:55.0,45
2019-2-27 14:58:13.1,48
2019-2-27 14:58:20.7,48
2019-2-27 14:58:31.3,50
2019-2-27 14:58:49.8,52
2019-2-27 14:59:07.6,46
2019-2-27 14:59:25.5,48
2019-2-27 14:59:42.9,51
2019-2-27 15:00:01.2,49
2019-2-27 15:00:18.8,46
2019-2-27 15:00:36.9,50
2019-2-27 15:00:44.5,42
2019-2-27 15:00:54.7,50
2019-2-27 15:01:13.4,50
2019-2-27 15:01:20.4,45
2019-2-27 15:01:31.6,49
2019-2-27 15:01:38.3,46
2019-2-27 15:01:49.0,50
2019-2-27 15:01:56.4,44
2019-2-27 15:02:06.9,46
2019-2-27 15:02:24.8,47
2019-2-27 15:02:43.1,47
2019-2-27 15:03:00.8,48
2019-2-27 15:03:18.6,48
2019-2-27 15:03:44.2,94
2019-2-27 15:03:54.8,49
2019-2-27 15:04:02.1,95
2019-2-27 15:04:12.6,49
2019-2-27 15:04:31.3,50
2019-2-27 15:04:48.4,47
2019-2-27 15:05:06.7,46
2019-2-27 15:05:24.7,45
2019-2-27 15:05:31.9,98
2019-2-27 15:05:42.3,50
2019-2-27 15:06:00.4,47
2019-2-27 15:06:18.5,46
2019-2-27 15:06:36.2,48
2019-2-27 15:06:43.8,98
2019-2-27 15:06:54.5,46
2019-2-27 15:07:12.5,46
2019-2-27 15:07:19.7,101
2019-2-27 15:07:30.1,49
2019-2-27 15:07:48.1,45
2019-2-27 15:08:06.4,49
2019-2-27 15:08:24.0,47
2019-2-27 15:08:41.9,46
2019-2-27 15:09:00.3,48
2019-2-27 15:09:07.5,99
2019-2-27 15:09:18.2,49
2019-2-27 15:09:36.1,48
2019-2-27 15:09:43.5,104
2019-2-27 15:09:54.3,50
2019-2-27 15:10:12.1,51
2019-2-27 15:10:29.8,46
2019-2-27 15:10:37.4,101
2019-2-27 15:10:48.0,50
2019-2-27 15:11:05.3,48
2019-2-27 15:11:05.6,46
2019-2-27 15:11:12.0,51
2019-2-27 15:11:22.9,46
2019-2-27 15:11:23.6,49
2019-2-27 15:11:25.1,50
2019-2-27 15:11:41.6,48
2019-2-27 15:11:59.9,48
2019-2-27 15:12:17.6,46
2019-2-27 15:12:25.2,101
2019-2-27 15:12:35.8,49
2019-2-27 15:12:53.4,48
2019-2-27 15:13:11.9,48
2019-2-27 15:13:29.7,48
2019-2-27 15:13:37.0,104
2019-2-27 15:13:47.7,49
2019-2-27 15:14:05.5,49
2019-2-27 15:14:23.8,48
2019-2-27 15:14:41.2,49
2019-2-27 15:14:59.4,48
2019-2-27 15:15:06.9,110
2019-2-27 15:15:17.5,48
2019-2-27 15:15:24.8,106
2019-2-27 15:15:35.3,49
2019-2-27 15:15:42.8,102
2019-2-27 15:15:53.4,51
2019-2-27 15:16:11.8,46
2019-2-27 15:16:29.0,49
2019-2-27 15:16:47.1,52
2019-2-27 15:17:05.3,49
2019-2-27 15:17:23.2,48
2019-2-27 15:17:30.6,106
2019-2-27 15:17:41.5,52
2019-2-27 15:17:59.3,48
2019-2-27 15:18:16.9,45
2019-2-27 15:18:24.5,101
2019-2-27 15:18:36.2,49
2019-2-27 15:18:53.1,51
2019-2-27 15:19:10.9,50
2019-2-27 15:19:29.3,51
2019-2-27 15:19:36.3,99
2019-2-27 15:19:47.3,47
2019-2-27 15:20:05.1,48
2019-2-27 15:20:22.8,49
2019-2-27 15:20:40.6,47
2019-2-27 15:20:48.2,100
2019-2-27 15:20:58.6,46
2019-2-27 15:21:16.6,48
2019-2-27 15:21:34.7,46
2019-2-27 15:21:52.6,49
2019-2-27 15:22:02.5,46
2019-2-27 15:22:10.4,46
2019-2-27 15:22:10.5,46
2019-2-27 15:22:28.8,46
2019-2-27 15:22:46.7,48
2019-2-27 15:23:04.7,49
2019-2-27 15:23:12.0,106
2019-2-27 15:23:22.6,48
2019-2-27 15:23:39.0,46
2019-2-27 15:23:40.6,47
2019-2-27 15:23:40.9,47
2019-2-27 15:23:58.4,47
2019-2-27 15:24:16.6,50
2019-2-27 15:24:34.3,49
2019-2-27 15:24:52.2,50
2019-2-27 15:25:10.8,50
2019-2-27 15:25:28.4,48
2019-2-27 15:25:46.7,46
2019-2-27 15:26:04.3,48
2019-2-27 15:26:11.6,100
2019-2-27 15:26:21.9,45
2019-2-27 15:26:40.4,48
2019-2-27 15:26:48.2,101
2019-2-27 15:26:58.2,43
2019-2-27 15:27:06.2,101
2019-2-27 15:27:15.9,49
2019-2-27 15:27:34.3,49
2019-2-27 15:27:52.1,49
2019-2-27 15:28:10.0,46
2019-2-27 15:28:28.0,48
2019-2-27 15:28:46.0,50
2019-2-27 15:28:54.6,101
2019-2-27 15:29:04.4,50
2019-2-27 15:29:12.5,103
2019-2-27 15:29:22.0,43
2019-2-27 15:29:39.9,49
2019-2-27 15:29:57.7,49
2019-2-27 15:30:15.9,45
2019-2-27 15:30:34.2,46
2019-2-27 15:30:51.6,48
2019-2-27 15:31:09.9,50
2019-2-27 15:31:27.9,50
2019-2-27 15:31:45.4,49
2019-2-27 15:32:03.5,46
2019-2-27 15:32:12.2,106
2019-2-27 15:32:21.7,49
2019-2-27 15:32:30.2,107
2019-2-27 15:32:39.8,46
2019-2-27 15:32:57.6,49
2019-2-27 15:33:15.6,49
2019-2-27 15:33:24.0,105
2019-2-27 15:33:33.3,49
2019-2-27 15:33:51.5,47
2019-2-27 15:33:51.5,47
2019-2-27 15:34:09.0,47
2019-2-27 15:34:27.4,49
2019-2-27 15:34:45.1,46
2019-2-27 15:35:03.2,50
2019-2-27 15:35:21.1,49
2019-2-27 15:35:29.8,105
2019-2-27 15:35:39.2,47
2019-2-27 15:35:47.7,105
2019-2-27 15:35:57.0,49
2019-2-27 15:36:15.2,46
2019-2-27 15:36:33.2,47
2019-2-27 15:36:37.1,47
2019-2-27 15:36:37.2,46
2019-2-27 15:36:43.1,50
2019-2-27 15:36:51.0,49
2019-2-27 15:36:56.4,47
2019-2-27 15:37:08.8,49
2019-2-27 15:37:26.8,49
2019-2-27 15:37:45.0,46
2019-2-27 15:37:45.1,46
2019-2-27 15:37:53.6,105
2019-2-27 15:38:03.1,49
2019-2-27 15:38:11.5,107
2019-2-27 15:38:21.1,45
2019-2-27 15:38:39.0,49
2019-2-27 15:38:47.4,106
2019-2-27 15:38:56.7,48
2019-2-27 15:38:56.9,48
2019-2-27 15:39:14.8,45
2019-2-27 15:39:32.5,45
2019-2-27 15:39:50.5,47
2019-2-27 15:39:59.3,108
2019-2-27 15:40:08.6,49
2019-2-27 15:40:27.0,48
2019-2-27 15:40:44.8,48
2019-2-27 15:41:02.5,50
2019-2-27 15:41:20.6,45
2019-2-27 15:41:38.5,48
2019-2-27 15:41:56.7,46
2019-2-27 15:41:56.9,46
2019-2-27 15:42:14.2,48
2019-2-27 15:42:14.5,48
2019-2-27 15:42:23.0,103
2019-2-27 15:42:32.2,46
2019-2-27 15:42:50.1,47
2019-2-27 15:43:08.5,45
2019-2-27 15:43:26.2,45
2019-2-27 15:43:34.9,103
2019-2-27 15:43:44.4,49
2019-2-27 15:44:02.0,47
2019-2-27 15:44:20.3,46
2019-2-27 15:44:38.2,46
2019-2-27 15:44:56.1,51
2019-2-27 15:45:04.8,105
2019-2-27 15:45:14.2,51
2019-2-27 15:45:22.6,104
2019-2-27 15:45:31.9,50
2019-2-27 15:45:50.2,49
2019-2-27 15:46:08.1,47
2019-2-27 15:46:26.5,50
2019-2-27 15:46:44.0,51
2019-2-27 15:46:52.6,110
2019-2-27 15:47:02.0,47
2019-2-27 15:47:19.6,54
2019-2-27 15:47:28.5,103
2019-2-27 15:47:34.5,51
2019-2-27 15:47:37.6,47
2019-2-27 15:47:37.8,47
2019-2-27 15:47:55.5,49
2019-2-27 15:47:56.3,49
2019-2-27 15:48:13.5,50
2019-2-27 15:48:32.1,52
2019-2-27 15:48:40.3,107
2019-2-27 15:48:49.8,50
2019-2-27 15:49:07.5,49
2019-2-27 15:49:43.5,49
2019-2-27 15:50:02.1,52
2019-2-27 15:50:19.7,49
2019-2-27 15:50:37.7,54
2019-2-27 15:50:55.7,54
2019-2-27 15:51:13.4,49
2019-2-27 15:51:31.4,52
2019-2-27 15:51:49.5,49
2019-2-27 15:52:07.6,52
2019-2-27 15:52:25.2,51
2019-2-27 15:52:43.1,50
2019-2-27 15:53:01.1,49
2019-2-27 15:53:19.0,49
2019-2-27 15:53:37.0,49
2019-2-27 15:53:55.0,51
2019-2-27 15:54:13.1,50
2019-2-27 15:54:31.2,50
2019-2-27 15:54:48.9,49
2019-2-27 15:54:58.3,52
2019-2-27 15:55:01.2,51
2019-2-27 15:55:03.1,49
2019-2-27 15:55:06.9,50
2019-2-27 15:55:24.2,49
2019-2-27 15:55:25.1,49
2019-2-27 15:55:42.7,49
2019-2-27 15:55:47.2,49
2019-2-27 15:56:00.6,51
2019-2-27 15:56:01.2,50
2019-2-27 15:56:07.6,51
2019-2-27 15:56:18.9,49
2019-2-27 15:56:35.7,49
2019-2-27 15:56:37.1,49
2019-2-27 15:56:45.7,51
2019-2-27 15:56:53.6,53
2019-2-27 15:56:54.6,53
2019-2-27 15:56:58.6,53
2019-2-27 15:57:02.7,53
2019-2-27 15:57:13.1,51
2019-2-27 15:57:29.6,47
2019-2-27 15:57:30.5,47
2019-2-27 15:57:48.6,47
2019-2-27 15:58:05.5,50
2019-2-27 15:58:06.9,50
2019-2-27 15:58:23.5,54
2019-2-27 15:58:24.5,54
2019-2-27 15:58:41.4,49
2019-2-27 15:58:42.7,49
2019-2-27 15:58:59.4,50
2019-2-27 15:59:00.6,50
2019-2-27 15:59:03.4,50
2019-2-27 15:59:17.3,49
2019-2-27 15:59:18.9,49
2019-2-27 15:59:37.0,50
2019-2-27 15:59:40.9,49
2019-2-27 15:59:44.4,54
2019-2-27 15:59:52.4,49
2019-2-27 15:59:54.6,50
2019-2-27 16:00:12.2,49
2019-2-27 16:00:30.6,50
2019-2-27 16:00:48.3,50
2019-2-27 16:01:06.9,46
2019-2-27 16:01:24.4,49
2019-2-27 16:01:42.2,49
2019-2-27 16:02:00.5,54
2019-2-27 16:02:18.5,46
2019-2-27 16:02:36.3,52
2019-2-27 16:02:54.1,53
2019-2-27 16:03:12.2,50
2019-2-27 16:03:28.8,53
2019-2-27 16:03:30.4,53
2019-2-27 16:03:48.1,47
2019-2-27 16:04:04.8,53
2019-2-27 16:04:05.9,53
2019-2-27 16:04:22.7,47
2019-2-27 16:04:23.8,47
2019-2-27 16:04:35.3,49
2019-2-27 16:04:40.7,52
2019-2-27 16:04:42.1,52
2019-2-27 16:04:44.7,52
2019-2-27 16:05:17.9,50
2019-2-27 16:05:36.0,53
2019-2-27 16:05:53.9,53
2019-2-27 16:06:11.7,47
2019-2-27 16:06:29.9,53
2019-2-27 16:06:47.8,52
2019-2-27 16:07:05.4,50
2019-2-27 16:07:07.0,49
2019-2-27 16:07:08.4,50
2019-2-27 16:07:10.3,53
2019-2-27 16:07:14.1,51
2019-2-27 16:07:18.3,47
2019-2-27 16:07:21.8,47
2019-2-27 16:07:23.5,46
2019-2-27 16:07:26.3,50
2019-2-27 16:07:30.6,54
2019-2-27 16:07:34.8,49
2019-2-27 16:07:39.4,50
2019-2-27 16:07:40.4,50
2019-2-27 16:07:41.5,50
2019-2-27 16:07:43.5,49
2019-2-27 16:07:51.7,50
2019-2-27 16:07:52.9,50
2019-2-27 16:07:53.0,50
2019-2-27 16:07:53.4,50
2019-2-27 16:07:56.6,49
2019-2-27 16:07:59.6,47
2019-2-27 16:08:17.6,50
2019-2-27 16:08:34.5,50
2019-2-27 16:08:35.5,50
2019-2-27 16:08:53.5,49
2019-2-27 16:08:56.5,49
2019-2-27 16:09:10.4,50
2019-2-27 16:09:11.7,50
2019-2-27 16:09:14.4,50
2019-2-27 16:09:29.6,50
2019-2-27 16:09:32.4,50
2019-2-27 16:09:46.4,52
2019-2-27 16:09:47.4,52
2019-2-27 16:10:02.4,47
2019-2-27 16:10:04.3,49
2019-2-27 16:10:05.2,49
2019-2-27 16:10:07.3,47
2019-2-27 16:10:13.1,50
2019-2-27 16:10:18.2,50
2019-2-27 16:10:22.3,53
2019-2-27 16:10:23.6,53
2019-2-27 16:10:25.3,49
2019-2-27 16:10:26.3,49
2019-2-27 16:10:27.3,53
2019-2-27 16:10:30.6,50
2019-2-27 16:10:31.4,53
2019-2-27 16:10:32.2,50
2019-2-27 16:10:35.4,53
2019-2-27 16:10:40.5,53
2019-2-27 16:10:58.2,47
2019-2-27 16:10:59.0,47
2019-2-27 16:11:03.2,47
2019-2-27 16:11:16.2,54
2019-2-27 16:11:17.4,54
2019-2-27 16:11:21.2,54
2019-2-27 16:11:34.2,50
2019-2-27 16:11:35.4,50
2019-2-27 16:11:52.1,51
2019-2-27 16:11:53.2,51
2019-2-27 16:11:57.1,51
2019-2-27 16:12:02.2,51
2019-2-27 16:12:10.1,52
2019-2-27 16:12:11.2,52
2019-2-27 16:12:11.2,52
2019-2-27 16:12:15.3,52
2019-2-27 16:12:28.1,50
2019-2-27 16:12:29.0,50
2019-2-27 16:12:32.1,50
2019-2-27 16:12:37.2,50
2019-2-27 16:12:46.0,50
2019-2-27 16:12:47.1,50
2019-2-27 16:13:04.0,53
2019-2-27 16:13:04.9,53
2019-2-27 16:13:22.0,50
2019-2-27 16:13:22.8,50
2019-2-27 16:13:40.9,49
2019-2-27 16:13:57.9,49
2019-2-27 16:13:59.1,49
2019-2-27 16:14:02.9,49
2019-2-27 16:14:07.0,49
2019-2-27 16:14:15.8,47
2019-2-27 16:14:17.4,47
2019-2-27 16:14:18.9,47
2019-2-27 16:14:19.9,47
2019-2-27 16:14:23.2,52
2019-2-27 16:14:24.1,52
2019-2-27 16:14:26.0,52
2019-2-27 16:14:27.2,52
2019-2-27 16:14:29.1,52
2019-2-27 16:14:32.8,50
2019-2-27 16:14:33.8,47
2019-2-27 16:14:35.2,47
2019-2-27 16:14:36.1,53
2019-2-27 16:14:40.7,53
2019-2-27 16:14:45.5,47
2019-2-27 16:14:49.0,53
2019-2-27 16:14:50.9,53
2019-2-27 16:14:51.8,52
2019-2-27 16:14:53.0,52
2019-2-27 16:14:53.6,52
2019-2-27 16:14:55.1,52
2019-2-27 16:15:00.4,50
2019-2-27 16:15:01.3,49
2019-2-27 16:15:03.5,49
2019-2-27 16:15:04.4,49
2019-2-27 16:15:06.4,50
2019-2-27 16:15:09.7,46
2019-2-27 16:15:10.8,46
2019-2-27 16:15:27.7,53
2019-2-27 16:15:28.5,53
2019-2-27 16:15:29.0,50
2019-2-27 16:15:31.0,50
2019-2-27 16:15:31.5,50
2019-2-27 16:15:31.7,53
2019-2-27 16:15:31.9,52
2019-2-27 16:15:32.6,49
2019-2-27 16:15:33.0,53
2019-2-27 16:15:33.1,53
2019-2-27 16:15:33.2,53
2019-2-27 16:15:33.4,53
2019-2-27 16:15:33.6,47
2019-2-27 16:15:33.8,47
2019-2-27 16:15:35.5,54
2019-2-27 16:15:37.4,54
2019-2-27 16:15:39.2,50
2019-2-27 16:15:43.8,51
2019-2-27 16:15:45.7,49
2019-2-27 16:15:45.8,51
2019-2-27 16:15:46.8,49
2019-2-27 16:15:47.2,51
2019-2-27 16:15:49.1,52
2019-2-27 16:15:49.6,52
2019-2-27 16:15:50.5,52
2019-2-27 16:15:53.5,50
2019-2-27 16:15:53.9,50
2019-2-27 16:15:54.8,50
2019-2-27 16:15:57.0,50
2019-2-27 16:16:01.8,53
2019-2-27 16:16:03.6,51
2019-2-27 16:16:04.7,51
2019-2-27 16:16:04.7,51
2019-2-27 16:16:06.6,50
2019-2-27 16:16:08.8,51
2019-2-27 16:16:11.3,49
2019-2-27 16:16:16.5,49
2019-2-27 16:16:22.7,48
2019-2-27 16:16:22.7,48
2019-2-27 16:16:26.4,49
2019-2-27 16:16:31.0,49
2019-2-27 16:16:39.6,50
2019-2-27 16:16:40.6,50
2019-2-27 16:16:57.5,49
2019-2-27 16:16:58.4,49
2019-2-27 16:17:15.5,49
2019-2-27 16:17:16.3,49
2019-2-27 16:17:19.5,49
2019-2-27 16:17:33.5,49
2019-2-27 16:17:34.5,49
2019-2-27 16:17:51.4,47
2019-2-27 16:17:52.4,47
2019-2-27 16:18:06.5,47
2019-2-27 16:18:09.4,49
2019-2-27 16:18:10.4,49
2019-2-27 16:18:28.4,49
2019-2-27 16:18:46.4,48
2019-2-27 16:19:04.6,51
2019-2-27 16:19:22.5,49
2019-2-27 16:19:40.3,47
2019-2-27 16:19:58.1,53
2019-2-27 16:20:16.1,51
2019-2-27 16:20:34.3,48
2019-2-27 16:20:52.8,50
2019-2-27 16:21:10.6,52
2019-2-27 16:21:28.1,47
2019-2-27 16:21:45.8,49
2019-2-27 16:22:04.1,50
2019-2-27 16:22:22.2,46
2019-2-27 16:22:39.8,50
2019-2-27 16:22:49.9,50
2019-2-27 16:22:56.8,46
2019-2-27 16:22:57.7,46
2019-2-27 16:23:14.8,46
2019-2-27 16:23:15.8,46
2019-2-27 16:23:32.6,48
2019-2-27 16:23:32.6,47
2019-2-27 16:23:32.7,52
2019-2-27 16:23:32.7,49
2019-2-27 16:23:33.2,53
2019-2-27 16:23:33.8,49
2019-2-27 16:23:37.3,47
2019-2-27 16:23:40.3,49
2019-2-27 16:23:44.9,50
2019-2-27 16:23:49.3,46
2019-2-27 16:23:50.7,52
2019-2-27 16:23:51.9,52
2019-2-27 16:23:53.0,50
2019-2-27 16:23:54.2,50
2019-2-27 16:24:01.7,50
2019-2-27 16:24:08.7,47
2019-2-27 16:24:09.9,47
2019-2-27 16:24:27.9,51
2019-2-27 16:24:46.0,48
2019-2-27 16:25:03.7,52
2019-2-27 16:25:20.5,50
2019-2-27 16:25:21.7,50
2019-2-27 16:25:38.5,47
2019-2-27 16:25:39.8,47
2019-2-27 16:25:58.2,49
2019-2-27 16:26:14.4,46
2019-2-27 16:26:15.3,46
2019-2-27 16:26:32.4,47
2019-2-27 16:26:33.6,47
2019-2-27 16:26:50.3,50
2019-2-27 16:26:51.8,50
2019-2-27 16:26:56.3,50
2019-2-27 16:27:08.9,49
2019-2-27 16:27:10.0,49
2019-2-27 16:27:17.5,46
2019-2-27 16:27:26.9,49
2019-2-27 16:27:28.2,49
2019-2-27 16:27:31.6,49
2019-2-27 16:27:44.8,49
2019-2-27 16:27:46.3,49
2019-2-27 16:28:02.3,46
2019-2-27 16:28:02.4,49
2019-2-27 16:28:02.8,49
2019-2-27 16:28:03.7,49
2019-2-27 16:28:22.0,49
2019-2-27 16:28:40.2,49
2019-2-27 16:28:57.9,50
2019-2-27 16:29:14.7,46
2019-2-27 16:29:15.7,46
2019-2-27 16:29:19.7,46
2019-2-27 16:29:32.9,46
2019-2-27 16:29:33.7,46
2019-2-27 16:29:50.8,49
2019-2-27 16:29:51.6,49
2019-2-27 16:29:54.8,49
2019-2-27 16:30:09.4,48
2019-2-27 16:30:27.9,48
2019-2-27 16:30:44.7,51
2019-2-27 16:30:46.0,51
2019-2-27 16:30:49.7,51
2019-2-27 16:30:54.8,51
2019-2-27 16:30:58.8,51
2019-2-27 16:31:02.7,45
2019-2-27 16:31:03.7,45
2019-2-27 16:31:06.7,45
2019-2-27 16:31:21.8,46
2019-2-27 16:31:39.7,48
2019-2-27 16:32:15.4,50
2019-2-27 16:32:33.8,46
2019-2-27 16:32:51.4,50
2019-2-27 16:33:09.5,50
2019-2-27 16:33:27.5,50
2019-2-27 16:33:44.7,49
2019-2-27 16:33:46.0,49
2019-2-27 16:34:02.7,50
2019-2-27 16:34:04.0,50
2019-2-27 16:34:07.7,50
2019-2-27 16:34:11.8,50
2019-2-27 16:34:16.8,50
2019-2-27 16:34:20.7,49
2019-2-27 16:34:21.8,49
2019-2-27 16:34:40.5,50
2019-2-27 16:34:57.9,46
2019-2-27 16:35:15.7,50
2019-2-27 16:35:34.0,51
2019-2-27 16:35:52.1,45
2019-2-27 16:36:08.4,48
2019-2-27 16:36:09.9,48
2019-2-27 16:36:27.7,46
2019-2-27 16:36:45.5,46
2019-2-27 16:37:03.6,47
2019-2-27 16:37:20.3,50
2019-2-27 16:37:22.2,50
2019-2-27 16:37:39.7,48
2019-2-27 16:37:57.7,46
2019-2-27 16:38:14.2,46
2019-2-27 16:38:15.4,46
2019-2-27 16:38:33.1,45
2019-2-27 16:38:50.1,46
2019-2-27 16:38:51.6,46
2019-2-27 16:39:09.7,48
2019-2-27 16:39:27.4,45
2019-2-27 16:39:45.2,52
2019-2-27 16:40:02.0,48
2019-2-27 16:40:03.3,48
2019-2-27 16:40:19.9,48
2019-2-27 16:40:21.4,48
2019-2-27 16:40:25.0,48
2019-2-27 16:40:37.9,48
2019-2-27 16:40:39.7,48
2019-2-27 16:40:55.9,46
2019-2-27 16:40:57.2,46
2019-2-27 16:41:15.4,49
2019-2-27 16:41:33.0,49
2019-2-27 16:41:51.1,51
2019-2-27 16:42:07.7,49
2019-2-27 16:42:09.2,49
2019-2-27 16:42:25.7,47
2019-2-27 16:42:27.1,47
2019-2-27 16:42:45.4,50
2019-2-27 16:43:03.2,50
2019-2-27 16:43:16.9,47
2019-2-27 16:43:16.9,51
2019-2-27 16:43:17.5,47
2019-2-27 16:43:17.8,48
2019-2-27 16:43:17.9,50
2019-2-27 16:43:18.4,46
2019-2-27 16:43:18.6,48
2019-2-27 16:43:20.8,46
2019-2-27 16:43:22.2,46
2019-2-27 16:43:26.3,45
2019-2-27 16:43:27.7,45
2019-2-27 16:43:28.7,45
2019-2-27 16:43:30.8,46
2019-2-27 16:43:36.3,48
2019-2-27 16:43:39.1,47
2019-2-27 16:43:43.3,48
2019-2-27 16:43:45.4,48
2019-2-27 16:43:49.5,45
2019-2-27 16:43:51.0,45
2019-2-27 16:43:56.8,46
2019-2-27 16:44:06.2,52
2019-2-27 16:44:15.0,50
2019-2-27 16:44:18.4,52
2019-2-27 16:44:18.9,52
2019-2-27 16:44:27.8,48
2019-2-27 16:44:32.9,48
2019-2-27 16:44:35.3,48
2019-2-27 16:44:47.9,48
2019-2-27 16:44:48.1,46
2019-2-27 16:44:48.1,48
2019-2-27 16:44:48.5,46
2019-2-27 16:44:48.5,46
2019-2-27 16:44:48.5,49
2019-2-27 16:44:49.0,49
2019-2-27 16:44:49.2,49
2019-2-27 16:44:50.0,49
2019-2-27 16:44:50.7,51
2019-2-27 16:44:50.7,48
2019-2-27 16:44:50.8,49
2019-2-27 16:45:09.1,49
2019-2-27 16:45:26.8,49
2019-2-27 16:45:44.6,49
2019-2-27 16:46:02.9,49
2019-2-27 16:46:20.5,50
2019-2-27 16:46:24.2,50
2019-2-27 16:46:29.3,50
2019-2-27 16:46:37.2,46
2019-2-27 16:46:38.4,46
2019-2-27 16:46:41.2,46
2019-2-27 16:46:56.3,46
2019-2-27 16:47:14.7,46
2019-2-27 16:47:26.9,50
2019-2-27 16:47:32.7,49
2019-2-27 16:47:50.3,48
2019-2-27 16:48:08.7,49
2019-2-27 16:48:20.5,50
2019-2-27 16:48:23.5,49
2019-2-27 16:48:26.3,47
2019-2-27 16:48:26.5,49
2019-2-27 16:48:28.7,48
2019-2-27 16:48:44.2,48
2019-2-27 16:49:03.1,46
2019-2-27 16:49:20.8,46
2019-2-27 16:49:38.8,48
2019-2-27 16:49:56.9,46
2019-2-27 16:50:14.9,48
2019-2-27 16:50:31.7,47
2019-2-27 16:50:33.0,47
2019-2-27 16:50:36.7,47
2019-2-27 16:50:49.7,48
2019-2-27 16:50:51.5,48
2019-2-27 16:51:08.6,45
2019-2-27 16:51:27.0,46
2019-2-27 16:51:45.1,46
2019-2-27 16:51:49.2,46
2019-2-27 16:52:10.2,46
2019-2-27 16:52:21.4,43
2019-2-27 16:52:39.2,50
2019-2-27 16:52:57.5,50
2019-2-27 16:53:15.4,43
2019-2-27 16:53:32.0,45
2019-2-27 16:53:33.2,45
2019-2-27 16:53:51.3,48
2019-2-27 16:54:09.5,45
2019-2-27 16:54:27.4,47
2019-2-27 16:54:44.0,50
2019-2-27 16:54:45.1,50
2019-2-27 16:55:03.0,50
2019-2-27 16:55:19.9,47
2019-2-27 16:55:21.2,47
2019-2-27 16:55:23.9,47
2019-2-27 16:55:39.1,47
2019-2-27 16:55:57.1,45
2019-2-27 16:56:15.0,49
2019-2-27 16:56:32.7,46
2019-2-27 16:56:40.7,47
2019-2-27 16:56:47.1,47
2019-2-27 16:56:51.1,48
2019-2-27 16:56:51.2,48
2019-2-27 16:57:07.4,47
2019-2-27 16:57:08.7,47
2019-2-27 16:57:28.1,46
2019-2-27 16:57:45.0,47
2019-2-27 16:58:02.9,50
2019-2-27 16:58:19.6,49
2019-2-27 16:58:20.9,49
2019-2-27 16:58:24.7,49
2019-2-27 16:58:38.7,48
2019-2-27 16:58:56.8,46
2019-2-27 16:59:02.4,46
2019-2-27 16:59:04.7,47
2019-2-27 16:59:14.4,50
2019-2-27 16:59:14.8,50
2019-2-27 16:59:32.6,50
2019-2-27 16:59:49.5,47
2019-2-27 16:59:50.6,47
2019-2-27 16:59:54.5,47
2019-2-27 17:00:08.9,45
2019-2-27 17:00:26.7,46
2019-2-27 17:00:45.2,48
2019-2-27 17:01:03.3,47
2019-2-27 17:01:21.5,45
2019-2-27 17:01:39.2,47
2019-2-27 17:01:57.3,50
2019-2-27 17:02:14.9,47
2019-2-27 17:02:36.1,48
2019-2-27 17:02:53.6,46
2019-2-27 17:03:11.2,48
2019-2-27 17:03:27.0,50
2019-2-27 17:03:45.0,45
2019-2-27 17:04:03.1,46
2019-2-27 17:04:20.9,48
2019-2-27 17:04:38.6,48
2019-2-27 17:04:56.7,46
2019-2-27 17:05:14.7,49
2019-2-27 17:05:32.4,46
2019-2-27 17:05:50.8,48
2019-2-27 17:06:08.7,49
2019-2-27 17:06:26.7,47
2019-2-27 17:06:44.7,46
2019-2-27 17:07:02.8,47
2019-2-27 17:07:20.6,46
2019-2-27 17:07:38.3,43
2019-2-27 17:07:56.7,46
2019-2-27 17:08:14.3,46
2019-2-27 17:08:32.2,45
2019-2-27 17:08:49.1,48
2019-2-27 17:08:50.3,48
2019-2-27 17:09:08.8,47
2019-2-27 17:09:26.1,50
2019-2-27 17:09:44.1,45
2019-2-27 17:10:02.7,45
2019-2-27 17:10:20.5,43
2019-2-27 17:10:39.3,47
2019-2-27 17:10:56.1,48
2019-2-27 17:11:13.8,49
2019-2-27 17:11:31.9,49
2019-2-27 17:11:50.5,50
2019-2-27 17:12:08.0,49
2019-2-27 17:12:26.1,46
2019-2-27 17:12:44.5,47
2019-2-27 17:13:02.4,50
2019-2-27 17:13:19.7,46
2019-2-27 17:13:38.1,47
2019-2-27 17:13:55.5,45
2019-2-27 17:14:13.6,46
2019-2-27 17:14:32.0,50
2019-2-27 17:14:49.7,45
2019-2-27 17:15:07.8,49
2019-2-27 17:15:25.7,47
2019-2-27 17:15:43.6,47
2019-2-27 17:16:02.5,46
2019-2-27 17:16:20.1,47
2019-2-27 17:16:36.5,45
2019-2-27 17:16:37.9,45
2019-2-27 17:16:55.6,48
2019-2-27 17:17:13.8,43
2019-2-27 17:17:31.7,45
2019-2-27 17:17:49.4,48
2019-2-27 17:18:06.3,43
2019-2-27 17:18:07.4,43
2019-2-27 17:18:25.0,50
2019-2-27 17:18:43.3,48
2019-2-27 17:19:01.3,45
2019-2-27 17:19:19.3,45
2019-2-27 17:19:37.4,46
2019-2-27 17:19:55.4,45
2019-2-27 17:20:13.1,45
2019-2-27 17:20:31.0,47
2019-2-27 17:20:49.3,45
2019-2-27 17:21:07.0,45
2019-2-27 17:21:24.8,45
2019-2-27 17:21:43.2,45
2019-2-27 17:22:00.6,50
2019-2-27 17:22:19.2,50
2019-2-27 17:22:36.7,45
2019-2-27 17:22:54.6,47
2019-2-27 17:23:12.8,49
2019-2-27 17:23:30.6,42
2019-2-27 17:23:48.4,48
2019-2-27 17:24:06.8,48
2019-2-27 17:24:24.6,45
2019-2-27 17:24:42.6,43
2019-2-27 17:25:00.7,0
2019-2-27 17:25:19.0,0
2019-2-27 17:25:36.5,2
2019-2-27 17:25:54.7,0
2019-2-27 17:26:12.3,0
2019-2-27 17:26:17.3,0
2019-2-27 17:26:19.2,0
2019-2-27 17:26:30.6,0
2019-2-27 17:26:30.6,0
2019-2-27 17:26:48.1,1
2019-2-27 17:27:06.1,0
2019-2-27 17:27:24.1,0
2019-2-27 17:27:42.4,0
2019-2-27 17:28:00.1,0
2019-2-27 17:28:18.3,0
2019-2-27 17:28:36.6,0
2019-2-27 17:28:54.3,0
2019-2-27 17:29:30.2,0
2019-2-27 17:29:46.7,0
2019-2-27 17:29:48.0,0
2019-2-27 17:29:50.7,0
2019-2-27 17:29:54.8,0
2019-2-27 17:30:04.7,0
2019-2-27 17:30:07.2,0
2019-2-27 17:30:09.7,0
2019-2-27 17:30:22.7,0
2019-2-27 17:30:23.8,0
2019-2-27 17:30:40.6,0
2019-2-27 17:30:41.7,0
2019-2-27 17:31:00.0,2
2019-2-27 17:31:22.3,0
2019-2-27 17:31:35.9,0
2019-2-27 17:31:53.7,0
2019-2-27 17:32:10.4,0
2019-2-27 17:32:11.8,0
2019-2-27 17:32:14.4,0
2019-2-27 17:32:30.1,2
2019-2-27 17:32:47.4,0
2019-2-27 17:33:06.6,0
2019-2-27 17:33:22.3,0
2019-2-27 17:33:23.7,0
2019-2-27 17:33:40.2,0
2019-2-27 17:33:41.7,0
2019-2-27 17:33:58.2,0
2019-2-27 17:33:59.5,0
2019-2-27 17:34:17.4,0
2019-2-27 17:34:35.7,0
2019-2-27 17:34:53.2,0
2019-2-27 17:35:11.8,0
2019-2-27 17:35:28.0,2
2019-2-27 17:35:29.6,2
2019-2-27 17:35:47.4,0
2019-2-27 17:36:05.6,0
2019-2-27 17:36:23.4,1
2019-2-27 17:36:23.5,0
2019-2-27 17:36:25.0,0
2019-2-27 17:36:26.8,0
2019-2-27 17:36:29.9,0
2019-2-27 17:36:34.5,2
2019-2-27 17:36:37.9,0
2019-2-27 17:36:41.3,0
2019-2-27 17:36:45.5,0
2019-2-27 17:36:45.5,0
2019-2-27 17:36:46.0,0
2019-2-27 17:36:59.1,0
2019-2-27 17:37:17.4,0
2019-2-27 17:37:33.7,0
2019-2-27 17:37:34.9,0
2019-2-27 17:37:51.7,0
2019-2-27 17:37:53.2,0
2019-2-27 17:38:09.7,2
2019-2-27 17:38:11.2,2
2019-2-27 17:38:28.9,0
2019-2-27 17:38:47.2,0
2019-2-27 17:39:05.3,0
2019-2-27 17:39:23.0,0
2019-2-27 17:39:39.5,0
2019-2-27 17:39:40.9,0
2019-2-27 17:39:58.6,0
2019-2-27 17:40:16.6,0
2019-2-27 17:40:34.7,0
2019-2-27 17:40:52.9,0
2019-2-27 17:41:11.0,0
2019-2-27 17:41:28.8,0
2019-2-27 17:41:46.4,0
2019-2-27 17:41:53.3,0
2019-2-27 17:42:03.2,0
2019-2-27 17:42:05.1,0
2019-2-27 17:42:08.2,0
2019-2-27 17:42:21.1,0
2019-2-27 17:42:22.8,0
2019-2-27 17:42:40.7,0
2019-2-27 17:42:57.1,0
2019-2-27 17:42:58.6,0
2019-2-27 17:43:01.1,0
2019-2-27 17:43:15.0,0
2019-2-27 17:43:16.7,0
2019-2-27 17:43:35.7,0
2019-2-27 17:43:52.3,0
2019-2-27 17:44:10.4,0
2019-2-27 17:44:46.2,0
2019-2-27 17:45:04.0,0
2019-2-27 17:45:23.0,1
2019-2-27 17:45:40.4,0
2019-2-27 17:45:58.0,0
2019-2-27 17:46:17.1,2
2019-2-27 17:46:34.0,2
2019-2-27 17:46:52.5,2
2019-2-27 17:47:10.2,0
2019-2-27 17:47:26.9,0
2019-2-27 17:47:28.2,0
2019-2-27 17:47:46.2,2
2019-2-27 17:48:04.0,0
2019-2-27 17:48:22.5,2
2019-2-27 17:48:39.9,0
2019-2-27 17:48:56.8,2
2019-2-27 17:48:57.7,2
2019-2-27 17:49:15.9,0
2019-2-27 17:49:33.9,0
2019-2-27 17:49:51.6,0
2019-2-27 17:50:09.9,0
2019-2-27 17:50:26.4,0
2019-2-27 17:50:27.8,0
2019-2-27 17:50:44.4,1
2019-2-27 17:50:50.0,1
2019-2-27 17:51:03.8,0
2019-2-27 17:51:21.8,0
2019-2-27 17:51:39.7,0
2019-2-27 17:51:56.4,2
2019-2-27 17:51:57.7,2
2019-2-27 17:52:15.5,0
2019-2-27 17:52:33.7,0
2019-2-27 17:52:51.4,0
2019-2-27 17:53:09.5,0
2019-2-27 17:53:27.5,0
2019-2-27 17:53:45.3,0
2019-2-27 17:54:03.5,0
2019-2-27 17:54:21.2,0
2019-2-27 17:54:39.1,0
2019-2-27 17:54:57.4,0
2019-2-27 17:55:14.9,0
2019-2-27 17:55:33.0,0
2019-2-27 17:55:51.4,0
2019-2-27 17:56:09.1,2
2019-2-27 17:56:27.1,0
2019-2-27 17:56:45.0,0
2019-2-27 17:57:03.1,1
2019-2-27 17:57:20.8,0
2019-2-27 17:57:39.1,0
2019-2-27 17:57:55.5,0
2019-2-27 17:57:56.7,0
2019-2-27 17:58:13.5,0
2019-2-27 17:58:14.6,0
2019-2-27 17:58:32.6,0
2019-2-27 17:58:51.3,0
2019-2-27 17:59:08.7,0
2019-2-27 17:59:26.4,0
2019-2-27 17:59:44.4,2
2019-2-27 18:00:03.1,1
2019-2-27 18:00:20.5,0
2019-2-27 18:00:37.2,1
2019-2-27 18:00:38.7,1
2019-2-27 18:00:56.4,0
2019-2-27 18:01:14.7,0
2019-2-27 18:01:32.5,0
2019-2-27 18:01:50.4,0
2019-2-27 18:02:11.0,0
2019-2-27 18:02:25.0,0
2019-2-27 18:02:26.1,0
2019-2-27 18:02:31.0,0
2019-2-27 18:02:43.7,0
2019-2-27 18:02:45.3,0
2019-2-27 18:03:08.8,0
2019-2-27 18:03:21.0,2
2019-2-27 18:03:39.4,0
2019-2-27 18:03:56.7,0
2019-2-27 18:04:14.9,0
2019-2-27 18:04:32.6,0
2019-2-27 18:04:51.1,0
2019-2-27 18:05:08.5,0
2019-2-27 18:05:44.8,0
2019-2-27 18:06:02.4,0
2019-2-27 18:06:20.5,0
2019-2-27 18:06:38.7,0
2019-2-27 18:06:56.8,0
2019-2-27 18:07:15.1,0
2019-2-27 18:07:32.6,0
2019-2-27 18:07:50.6,0
2019-2-27 18:08:08.7,0
2019-2-27 18:08:26.4,2
2019-2-27 18:08:43.3,1
2019-2-27 18:08:44.2,1
2019-2-27 18:08:47.3,1
2019-2-27 18:09:02.6,1
2019-2-27 18:09:20.9,0
2019-2-27 18:09:38.1,0
2019-2-27 18:09:56.1,2
2019-2-27 18:10:13.1,2
2019-2-27 18:10:15.4,2
2019-2-27 18:10:31.1,2
2019-2-27 18:10:32.2,2
2019-2-27 18:10:35.1,2
2019-2-27 18:10:49.0,0
2019-2-27 18:10:50.2,0
2019-2-27 18:11:07.0,2
2019-2-27 18:11:07.9,2
2019-2-27 18:11:26.1,0
2019-2-27 18:11:43.9,1
2019-2-27 18:12:02.5,0
2019-2-27 18:12:20.0,0
2019-2-27 18:12:37.7,0
2019-2-27 18:12:56.1,1
2019-2-27 18:13:13.9,0
2019-2-27 18:13:31.6,0
2019-2-27 18:13:50.0,0
2019-2-27 18:14:07.8,0
2019-2-27 18:14:25.5,0
2019-2-27 18:14:43.6,2
2019-2-27 18:15:01.7,0
2019-2-27 18:15:19.9,1
2019-2-27 18:15:37.4,0
2019-2-27 18:15:55.9,0
2019-2-27 18:16:13.8,1
2019-2-27 18:16:31.3,1
2019-2-27 18:16:49.9,0
2019-2-27 18:17:07.4,0
2019-2-27 18:17:25.5,0
2019-2-27 18:17:43.2,0
2019-2-27 18:18:01.7,0
2019-2-27 18:18:18.3,0
2019-2-27 18:18:19.0,0
2019-2-27 18:18:37.8,1
2019-2-27 18:18:54.2,0
2019-2-27 18:18:55.3,0
2019-2-27 18:18:58.3,0
2019-2-27 18:19:13.3,0
2019-2-27 18:19:31.4,0
2019-2-27 18:19:49.2,0
2019-2-27 18:20:06.8,0
2019-2-27 18:20:23.9,0
2019-2-27 18:20:24.8,0
2019-2-27 18:20:43.3,0
2019-2-27 18:21:01.2,0
2019-2-27 18:21:18.9,0
2019-2-27 18:21:36.7,2
2019-2-27 18:21:54.0,0
2019-2-27 18:21:55.0,0
2019-2-27 18:22:12.8,0
2019-2-27 18:22:30.7,0
2019-2-27 18:22:49.0,0
2019-2-27 18:23:07.2,0
2019-2-27 18:23:24.9,0
2019-2-27 18:23:42.9,2
2019-2-27 18:24:00.8,0
2019-2-27 18:24:14.5,0
2019-2-27 18:24:18.4,0
2019-2-27 18:24:36.6,0
2019-2-27 18:24:54.7,0
2019-2-27 18:25:12.4,0
2019-2-27 18:25:31.0,0
2019-2-27 18:25:48.0,0
2019-2-27 18:25:49.1,0
2019-2-27 18:26:07.2,0
2019-2-27 18:26:25.2,0
2019-2-27 18:26:43.0,0
2019-2-27 18:26:59.8,0
2019-2-27 18:27:00.7,0
2019-2-27 18:27:17.9,0
2019-2-27 18:27:19.0,0
2019-2-27 18:27:35.8,0
2019-2-27 18:27:36.6,0
2019-2-27 18:27:54.9,0
2019-2-27 18:28:07.7,0
2019-2-27 18:28:13.1,0
2019-2-27 18:28:30.9,0
2019-2-27 18:28:47.7,0
2019-2-27 18:28:48.9,0
2019-2-27 18:28:51.7,0
2019-2-27 18:29:06.7,0
2019-2-27 18:29:24.8,0
2019-2-27 18:29:42.8,0
2019-2-27 18:30:00.8,0
2019-2-27 18:30:18.3,0
2019-2-27 18:30:36.4,0
2019-2-27 18:30:54.6,0
2019-2-27 18:31:12.6,0
2019-2-27 18:31:30.8,0
2019-2-27 18:31:48.7,0
2019-2-27 18:32:06.1,0
2019-2-27 18:32:07.1,0
2019-2-27 18:32:07.1,0
2019-2-27 18:32:24.4,0
2019-2-27 18:32:28.5,0
2019-2-27 18:32:42.4,0
2019-2-27 18:33:00.6,0
2019-2-27 18:33:18.3,0
2019-2-27 18:33:36.3,0
2019-2-27 18:33:54.2,0
2019-2-27 18:34:12.6,0
2019-2-27 18:34:29.1,0
2019-2-27 18:34:30.2,0
2019-2-27 18:34:47.8,0
2019-2-27 18:35:04.9,0
2019-2-27 18:35:05.9,0
2019-2-27 18:35:24.4,0
2019-2-27 18:35:42.0,0
2019-2-27 18:36:00.0,0
2019-2-27 18:36:17.9,0
2019-2-27 18:36:36.0,0
2019-2-27 18:36:52.8,0
2019-2-27 18:36:53.9,0
2019-2-27 18:37:12.2,0
2019-2-27 18:37:29.8,0
2019-2-27 18:37:47.8,0
2019-2-27 18:38:05.8,0
2019-2-27 18:38:23.4,0
2019-2-27 18:38:41.7,0
2019-2-27 18:39:00.1,0
2019-2-27 18:39:17.6,0
2019-2-27 18:39:30.3,0
2019-2-27 18:39:34.5,0
2019-2-27 18:39:35.7,0
2019-2-27 18:39:52.5,0
2019-2-27 18:39:53.9,0
2019-2-27 18:40:11.7,0
2019-2-27 18:40:29.6,0
2019-2-27 18:40:47.4,0
2019-2-27 18:41:05.7,0
2019-2-27 18:41:22.3,0
2019-2-27 18:41:23.4,0
2019-2-27 18:41:24.1,0
2019-2-27 18:41:26.3,0
2019-2-27 18:41:41.3,0
2019-2-27 18:41:59.4,0
2019-2-27 18:42:17.0,0
2019-2-27 18:42:34.1,0
2019-2-27 18:42:35.3,0
2019-2-27 18:42:53.2,0
2019-2-27 18:43:11.7,0
2019-2-27 18:43:25.1,0
2019-2-27 18:43:29.2,0
2019-2-27 18:43:46.8,0
2019-2-27 18:44:05.4,0
2019-2-27 18:44:22.7,0
2019-2-27 18:44:26.5,0
2019-2-27 18:44:42.2,0
2019-2-27 18:44:59.0,0
2019-2-27 18:45:17.2,0
2019-2-27 18:45:34.9,0
2019-2-27 18:45:44.1,0
2019-2-27 18:45:52.9,0
2019-2-27 18:46:10.9,0
2019-2-27 18:46:28.9,0
2019-2-27 18:46:47.0,0
2019-2-27 18:47:05.1,0
2019-2-27 18:47:23.2,0
2019-2-27 18:47:41.7,0
2019-2-27 18:48:00.0,0
2019-2-27 18:48:17.2,0
2019-2-27 18:48:40.5,0
2019-2-27 18:48:40.5,0
2019-2-27 18:48:47.0,0
2019-2-27 18:48:53.5,0
2019-2-27 18:49:02.1,0
2019-2-27 18:49:10.3,0
2019-2-27 18:49:11.1,0
2019-2-27 18:49:29.7,0
2019-2-27 18:49:47.3,0
2019-2-27 18:50:05.4,0
2019-2-27 18:50:23.1,0
2019-2-27 18:50:41.0,0
2019-2-27 18:50:59.1,0
2019-2-27 18:51:17.0,0
2019-2-27 18:51:35.1,0
2019-2-27 18:51:52.9,0
2019-2-27 18:52:09.8,0
2019-2-27 18:52:11.0,0
2019-2-27 18:52:28.7,0
2019-2-27 18:52:47.0,0
2019-2-27 18:53:04.7,0
2019-2-27 18:53:21.8,0
2019-2-27 18:53:23.0,0
2019-2-27 18:53:23.5,0
2019-2-27 18:53:39.5,0
2019-2-27 18:53:40.9,0
2019-2-27 18:53:57.5,0
2019-2-27 18:53:58.6,0
2019-2-27 18:54:02.5,0
2019-2-27 18:54:16.5,0
2019-2-27 18:54:34.9,0
2019-2-27 18:54:52.8,0
2019-2-27 18:55:10.6,0
2019-2-27 18:55:28.6,0
2019-2-27 18:55:46.8,0
2019-2-27 18:56:03.6,0
2019-2-27 18:56:04.7,0
2019-2-27 18:56:04.7,0
2019-2-27 18:56:22.5,0
2019-2-27 18:56:40.5,0
2019-2-27 18:56:58.9,0
2019-2-27 18:57:16.2,0
2019-2-27 18:57:33.5,0
2019-2-27 18:57:34.4,0
2019-2-27 18:57:52.3,0
2019-2-27 18:58:09.4,0
2019-2-27 18:58:10.4,0
2019-2-27 18:58:28.4,0
2019-2-27 18:58:46.4,0
2019-2-27 18:59:04.2,0
2019-2-27 18:59:21.1,0
2019-2-27 18:59:22.4,0
2019-2-27 18:59:40.4,0
2019-2-27 18:59:58.6,0
2019-2-27 19:00:16.3,0
2019-2-27 19:00:34.1,0
2019-2-27 19:00:51.1,0
2019-2-27 19:00:52.3,0
2019-2-27 19:01:09.1,0
2019-2-27 19:01:09.8,0
2019-2-27 19:01:27.9,0
2019-2-27 19:01:45.9,0
2019-2-27 19:02:04.1,0
2019-2-27 19:02:21.6,0
2019-2-27 19:02:40.1,0
2019-2-27 19:02:57.9,0
2019-2-27 19:03:16.5,0
2019-2-27 19:03:34.7,0
2019-2-27 19:03:51.4,0
2019-2-27 19:03:53.2,0
2019-2-27 19:04:09.4,0
2019-2-27 19:04:10.5,0
2019-2-27 19:04:14.4,0
2019-2-27 19:04:28.6,0
2019-2-27 19:04:46.2,0
2019-2-27 19:05:04.4,0
2019-2-27 19:05:22.1,0
2019-2-27 19:05:40.3,0
2019-2-27 19:05:58.0,0
2019-2-27 19:06:16.4,0
2019-2-27 19:06:34.4,0
2019-2-27 19:06:52.4,0
2019-2-27 19:07:10.2,0
2019-2-27 19:07:28.7,0
2019-2-27 19:07:45.8,0
2019-2-27 19:08:03.8,0
2019-2-27 19:08:22.1,0
2019-2-27 19:08:40.3,0
2019-2-27 19:08:57.9,0
2019-2-27 19:09:16.3,0
2019-2-27 19:09:34.2,0
2019-2-27 19:09:51.8,0
2019-2-27 19:10:09.8,0
2019-2-27 19:10:27.6,0
2019-2-27 19:10:45.5,0
2019-2-27 19:11:03.8,0
2019-2-27 19:11:21.9,0
2019-2-27 19:11:39.8,0
2019-2-27 19:11:57.5,0
2019-2-27 19:11:58.3,0
2019-2-27 19:12:00.5,0
2019-2-27 19:12:03.5,0
2019-2-27 19:12:05.4,0
2019-2-27 19:12:15.4,0
2019-2-27 19:12:33.9,0
2019-2-27 19:12:51.6,0
2019-2-27 19:13:10.0,0
2019-2-27 19:13:27.6,0
2019-2-27 19:13:44.3,0
2019-2-27 19:13:45.5,0
2019-2-27 19:14:03.6,0
2019-2-27 19:14:20.2,0
2019-2-27 19:14:21.2,0
2019-2-27 19:14:39.4,0
2019-2-27 19:14:57.3,0
2019-2-27 19:15:15.5,0
2019-2-27 19:15:33.4,0
2019-2-27 19:15:51.2,0
2019-2-27 19:16:09.2,0
2019-2-27 19:16:27.0,0
2019-2-27 19:16:44.9,0
2019-2-27 19:17:02.8,0
2019-2-27 19:17:19.9,0
2019-2-27 19:17:21.3,0
2019-2-27 19:17:39.1,0
2019-2-27 19:17:56.9,0
2019-2-27 19:18:15.1,0
2019-2-27 19:18:32.9,0
2019-2-27 19:18:51.0,0
2019-2-27 19:19:08.6,0
2019-2-27 19:19:27.1,0
2019-2-27 19:19:44.4,0
2019-2-27 19:20:02.6,0
2019-2-27 19:20:20.5,0
2019-2-27 19:20:38.6,0
2019-2-27 19:20:56.8,0
2019-2-27 19:21:14.4,0
2019-2-27 19:21:32.6,0
2019-2-27 19:21:50.4,0
2019-2-27 19:21:57.1,0
2019-2-27 19:21:58.5,0
2019-2-27 19:22:08.7,0
2019-2-27 19:22:26.9,0
2019-2-27 19:22:44.5,0
2019-2-27 19:23:02.4,0
2019-2-27 19:23:19.2,0
2019-2-27 19:23:20.7,0
2019-2-27 19:23:25.2,0
2019-2-27 19:23:37.8,0
2019-2-27 19:23:39.0,0
2019-2-27 19:23:56.9,0
2019-2-27 19:24:14.7,0
2019-2-27 19:24:33.0,0
2019-2-27 19:24:49.7,0
2019-2-27 19:24:51.0,0
2019-2-27 19:25:08.8,0
2019-2-27 19:25:26.7,0
2019-2-27 19:25:43.6,0
2019-2-27 19:25:44.5,0
2019-2-27 19:26:02.8,0
2019-2-27 19:26:19.5,0
2019-2-27 19:26:20.7,0
2019-2-27 19:26:38.7,0
2019-2-27 19:26:56.7,0
2019-2-27 19:27:14.6,0
2019-2-27 19:27:31.4,0
2019-2-27 19:27:32.8,0
2019-2-27 19:27:49.4,0
2019-2-27 19:27:50.3,0
2019-2-27 19:28:08.4,0
2019-2-27 19:28:08.9,0
2019-2-27 19:28:21.6,0
2019-2-27 19:28:26.5,0
2019-2-27 19:28:28.2,0
2019-2-27 19:28:33.4,0
2019-2-27 19:28:33.4,0
2019-2-27 19:28:35.2,0
2019-2-27 19:28:39.2,0
2019-2-27 19:28:42.1,0
2019-2-27 19:28:44.1,0
2019-2-27 19:28:45.0,0
2019-2-27 19:28:49.6,0
2019-2-27 19:29:02.2,0
2019-2-27 19:29:20.6,0
2019-2-27 19:29:30.7,0
2019-2-27 19:29:38.2,0
2019-2-27 19:29:54.9,0
2019-2-27 19:29:56.2,0
2019-2-27 19:30:15.2,0
2019-2-27 19:30:32.9,0
2019-2-27 19:30:40.3,0
2019-2-27 19:30:50.0,0
2019-2-27 19:31:01.2,0
2019-2-27 19:31:04.4,0
2019-2-27 19:31:07.9,0
2019-2-27 19:31:19.4,0
2019-2-27 19:31:21.6,0
2019-2-27 19:31:26.1,0
2019-2-27 19:31:39.6,0
2019-2-27 19:31:43.9,0
2019-2-27 19:31:44.1,0
2019-2-27 19:31:54.9,0
2019-2-27 19:32:02.1,0
2019-2-27 19:32:02.1,0
2019-2-27 19:32:09.8,0
2019-2-27 19:32:19.8,0
2019-2-27 19:32:38.1,0
2019-2-27 19:32:55.7,0
2019-2-27 19:33:13.9,0
2019-2-27 19:33:24.2,0
2019-2-27 19:33:31.9,0
2019-2-27 19:33:31.9,0
2019-2-27 19:33:49.7,0
2019-2-27 19:34:07.5,0
2019-2-27 19:34:15.5,0
2019-2-27 19:34:25.9,0
2019-2-27 19:34:35.1,0
2019-2-27 19:34:43.9,0
2019-2-27 19:35:01.8,0
2019-2-27 19:35:18.6,0
2019-2-27 19:35:19.4,0
2019-2-27 19:35:38.0,0
2019-2-27 19:35:55.6,0
2019-2-27 19:36:13.6,0
2019-2-27 19:36:31.2,0
2019-2-27 19:36:49.9,0
2019-2-27 19:36:53.5,0
2019-2-27 19:37:07.7,0
2019-2-27 19:37:25.1,0
2019-2-27 19:37:43.4,0
2019-2-27 19:37:43.6,0
2019-2-27 19:38:01.3,0
2019-2-27 19:38:05.6,0
2019-2-27 19:38:08.1,0
2019-2-27 19:38:19.0,0
2019-2-27 19:38:25.0,0
2019-2-27 19:38:29.8,0
2019-2-27 19:38:32.9,0
2019-2-27 19:38:37.4,0
2019-2-27 19:38:38.2,0
2019-2-27 19:38:45.9,0
2019-2-27 19:38:46.2,0
2019-2-27 19:38:52.7,0
2019-2-27 19:38:55.4,0
2019-2-27 19:38:58.0,0
2019-2-27 19:39:01.1,0
2019-2-27 19:39:03.4,0
2019-2-27 19:39:07.3,0
2019-2-27 19:39:13.3,0
2019-2-27 19:39:31.3,0
2019-2-27 19:39:42.7,0
2019-2-27 19:39:47.8,0
2019-2-27 19:39:49.0,0
2019-2-27 19:39:49.8,0
2019-2-27 19:40:05.8,0
2019-2-27 19:40:06.8,0
2019-2-27 19:40:24.8,0
2019-2-27 19:40:43.2,0
2019-2-27 19:41:00.0,0
2019-2-27 19:41:00.8,0
2019-2-27 19:41:05.0,0
2019-2-27 19:41:18.0,0
2019-2-27 19:41:19.1,0
2019-2-27 19:41:23.0,0
2019-2-27 19:41:35.9,0
2019-2-27 19:41:36.8,0
2019-2-27 19:41:54.9,0
2019-2-27 19:42:13.0,0
2019-2-27 19:42:31.0,0
2019-2-27 19:42:48.5,0
2019-2-27 19:43:06.6,0
2019-2-27 19:43:23.6,0
2019-2-27 19:43:24.7,0
2019-2-27 19:43:42.7,0
2019-2-27 19:44:00.8,0
2019-2-27 19:44:18.6,0
2019-2-27 19:44:36.8,0
2019-2-27 19:44:54.6,0
2019-2-27 19:45:12.6,0
2019-2-27 19:45:30.5,0
2019-2-27 19:45:47.5,0
2019-2-27 19:45:48.4,0
2019-2-27 19:45:52.5,0
2019-2-27 19:46:05.5,0
2019-2-27 19:46:06.7,0
2019-2-27 19:46:24.2,0
2019-2-27 19:46:42.5,0
2019-2-27 19:47:00.4,0
2019-2-27 19:47:17.3,0
2019-2-27 19:47:18.4,0
2019-2-27 19:47:36.0,0
2019-2-27 19:47:54.0,0
2019-2-27 19:48:12.2,0
2019-2-27 19:48:29.1,0
2019-2-27 19:48:30.3,0
2019-2-27 19:48:47.1,0
2019-2-27 19:48:48.5,0
2019-2-27 19:49:07.0,0
2019-2-27 19:49:25.0,0
2019-2-27 19:49:42.8,0
2019-2-27 19:50:00.8,0
2019-2-27 19:50:18.8,0
2019-2-27 19:50:37.0,0
2019-2-27 19:50:54.5,0
2019-2-27 19:51:12.6,0
2019-2-27 19:51:49.3,0
2019-2-27 19:52:07.1,0
2019-2-27 19:52:25.4,0
2019-2-27 19:52:37.9,0
2019-2-27 19:52:38.0,0
2019-2-27 19:52:43.3,0
2019-2-27 19:52:59.5,0
2019-2-27 19:53:00.9,0
2019-2-27 19:53:03.6,0
2019-2-27 19:53:09.6,0
2019-2-27 19:53:09.6,0
2019-2-27 19:53:18.8,0
2019-2-27 19:53:37.3,0
2019-2-27 19:53:55.1,0
2019-2-27 19:54:12.7,0
2019-2-27 19:54:16.6,0
2019-2-27 19:54:30.8,0
2019-2-27 19:54:49.0,0
2019-2-27 19:55:06.9,0
2019-2-27 19:55:24.8,0
2019-2-27 19:55:42.9,0
2019-2-27 19:55:59.7,0
2019-2-27 19:56:00.9,0
2019-2-27 19:56:19.1,0
2019-2-27 19:56:35.7,0
2019-2-27 19:56:37.0,0
2019-2-27 19:56:54.9,0
2019-2-27 19:57:12.5,0
2019-2-27 19:57:29.6,0
2019-2-27 19:57:31.0,0
2019-2-27 19:57:48.9,0
2019-2-27 19:58:06.6,0
2019-2-27 19:58:24.7,0
2019-2-27 19:58:42.3,0
2019-2-27 19:59:00.3,0
2019-2-27 19:59:18.5,0
2019-2-27 19:59:36.3,0
2019-2-27 19:59:54.1,0
2019-2-27 20:00:12.5,0
2019-2-27 20:00:30.1,0
2019-2-27 20:00:49.6,0
2019-2-27 20:01:06.3,0
2019-2-27 20:01:15.5,0
2019-2-27 20:01:24.6,0
2019-2-27 20:01:42.2,0
2019-2-27 20:02:00.2,0
2019-2-27 20:02:18.3,0
2019-2-27 20:02:36.2,0
2019-2-27 20:02:53.9,0
2019-2-27 20:03:11.8,0
2019-2-27 20:03:30.1,0
2019-2-27 20:03:48.1,0
2019-2-27 20:04:04.9,0
2019-2-27 20:04:05.9,0
2019-2-27 20:04:09.9,0
2019-2-27 20:04:22.3,0
2019-2-27 20:04:24.0,0
2019-2-27 20:04:41.7,0
2019-2-27 20:04:59.7,0
2019-2-27 20:05:17.5,0
2019-2-27 20:05:35.8,0
2019-2-27 20:05:53.9,0
2019-2-27 20:06:12.0,0
2019-2-27 20:06:29.5,0
2019-2-27 20:06:47.3,0
2019-2-27 20:07:04.5,0
2019-2-27 20:07:05.6,0
2019-2-27 20:07:23.7,0
2019-2-27 20:07:28.7,0
2019-2-27 20:07:41.3,0
2019-2-27 20:07:59.2,0
2019-2-27 20:07:59.9,0
2019-2-27 20:08:17.2,0
2019-2-27 20:08:17.4,0
2019-2-27 20:08:18.1,0
2019-2-27 20:08:28.5,0
2019-2-27 20:08:35.6,0
2019-2-27 20:08:53.2,0
2019-2-27 20:09:11.2,0
2019-2-27 20:09:29.0,0
2019-2-27 20:09:47.4,0
2019-2-27 20:09:55.3,0
2019-2-27 20:10:05.2,0
2019-2-27 20:10:22.9,0
2019-2-27 20:10:41.2,0
2019-2-27 20:10:59.4,0
2019-2-27 20:11:17.3,0
2019-2-27 20:11:35.2,0
2019-2-27 20:11:53.1,0
2019-2-27 20:12:07.5,0
2019-2-27 20:12:11.0,0
2019-2-27 20:12:28.8,0
2019-2-27 20:12:31.2,0
2019-2-27 20:12:31.5,0
2019-2-27 20:12:43.8,0
2019-2-27 20:12:46.7,0
2019-2-27 20:12:47.1,0
2019-2-27 20:12:58.4,0
2019-2-27 20:13:05.4,0
2019-2-27 20:13:07.3,0
2019-2-27 20:13:22.5,0
2019-2-27 20:13:41.0,0
2019-2-27 20:13:59.0,0
2019-2-27 20:14:16.8,0
2019-2-27 20:14:34.6,0
2019-2-27 20:14:52.5,0
2019-2-27 20:15:10.5,0
2019-2-27 20:15:28.4,0
2019-2-27 20:15:34.0,0
2019-2-27 20:15:46.3,0
2019-2-27 20:15:47.4,0
2019-2-27 20:15:55.3,0
2019-2-27 20:16:04.6,0
2019-2-27 20:16:22.4,0
2019-2-27 20:16:40.3,0
2019-2-27 20:16:40.7,0
2019-2-27 20:16:41.0,0
2019-2-27 20:16:46.0,0
2019-2-27 20:16:51.3,0
2019-2-27 20:16:58.5,0
2019-2-27 20:16:59.6,0
2019-2-27 20:17:16.1,0
2019-2-27 20:17:34.6,0
2019-2-27 20:17:34.7,0
2019-2-27 20:17:52.1,0
2019-2-27 20:18:10.4,0
2019-2-27 20:18:28.4,0
2019-2-27 20:18:46.0,0
2019-2-27 20:19:04.6,0
2019-2-27 20:19:22.1,0
2019-2-27 20:19:40.1,0
2019-2-27 20:19:57.8,0
2019-2-27 20:20:15.9,0
2019-2-27 20:20:18.7,0
2019-2-27 20:20:34.0,0
2019-2-27 20:20:51.7,0
2019-2-27 20:21:10.0,0
2019-2-27 20:21:27.7,0
2019-2-27 20:21:45.9,0
2019-2-27 20:21:56.3,0
2019-2-27 20:22:03.9,0
2019-2-27 20:22:21.6,0
2019-2-27 20:22:40.1,0
2019-2-27 20:22:57.7,0
2019-2-27 20:22:57.8,0
2019-2-27 20:22:58.0,0
2019-2-27 20:23:15.8,0
2019-2-27 20:23:33.5,0
2019-2-27 20:23:51.4,0
2019-2-27 20:23:51.8,0
2019-2-27 20:23:52.3,0
2019-2-27 20:24:09.7,0
2019-2-27 20:24:27.8,0
2019-2-27 20:24:45.6,0
2019-2-27 20:24:46.0,0
2019-2-27 20:24:59.7,0
2019-2-27 20:25:03.4,0
2019-2-27 20:25:03.6,0
2019-2-27 20:25:09.2,0
2019-2-27 20:25:12.1,0
2019-2-27 20:25:21.7,0
2019-2-27 20:25:39.5,0
2019-2-27 20:25:48.0,0
2019-2-27 20:25:57.5,0
2019-2-27 20:26:16.1,0
2019-2-27 20:26:33.7,0
2019-2-27 20:26:51.1,0
2019-2-27 20:27:09.6,0
2019-2-27 20:27:27.4,0
2019-2-27 20:27:45.2,0
2019-2-27 20:28:03.4,0
2019-2-27 20:28:20.9,0
2019-2-27 20:28:31.5,0
2019-2-27 20:28:39.1,0
2019-2-27 20:28:57.0,0
2019-2-27 20:29:15.1,0
2019-2-27 20:29:32.9,0
2019-2-27 20:29:33.1,0
2019-2-27 20:29:33.2,0
2019-2-27 20:29:42.8,0
2019-2-27 20:29:51.1,0
2019-2-27 20:29:52.3,0
2019-2-27 20:30:08.8,0
2019-2-27 20:30:26.9,0
2019-2-27 20:30:45.1,0
2019-2-27 20:31:03.0,0
2019-2-27 20:31:20.6,0
2019-2-27 20:31:38.5,0
2019-2-27 20:31:56.5,0
2019-2-27 20:32:14.4,0
2019-2-27 20:32:32.8,0
2019-2-27 20:32:51.1,0
2019-2-27 20:33:04.4,0
2019-2-27 20:33:08.7,0
2019-2-27 20:33:08.8,0
2019-2-27 20:33:11.8,0
2019-2-27 20:33:26.3,0
2019-2-27 20:33:44.0,0
2019-2-27 20:33:44.5,0
2019-2-27 20:33:44.6,0
2019-2-27 20:34:00.5,0
2019-2-27 20:34:02.7,0
2019-2-27 20:34:20.5,0
2019-2-27 20:34:24.9,0
2019-2-27 20:34:38.4,0
2019-2-27 20:34:56.3,0
2019-2-27 20:34:58.4,0
2019-2-27 20:35:14.7,0
2019-2-27 20:35:32.5,0
2019-2-27 20:35:50.1,0
2019-2-27 20:36:00.5,0
2019-2-27 20:36:08.3,0
2019-2-27 20:36:26.4,0
2019-2-27 20:36:44.4,0
2019-2-27 20:37:02.2,0
2019-2-27 20:37:20.3,0
2019-2-27 20:37:38.3,0
2019-2-27 20:37:56.1,0
2019-2-27 20:38:13.8,0
2019-2-27 20:38:32.2,0
2019-2-27 20:38:50.2,0
2019-2-27 20:39:07.7,0
2019-2-27 20:39:26.0,0
2019-2-27 20:39:37.6,0
2019-2-27 20:39:37.7,0
2019-2-27 20:39:42.0,0
2019-2-27 20:39:43.6,0
2019-2-27 20:39:48.6,0
2019-2-27 20:40:01.9,0
2019-2-27 20:40:02.1,0
2019-2-27 20:40:20.0,0
2019-2-27 20:40:37.7,0
2019-2-27 20:40:55.6,0
2019-2-27 20:41:13.7,0
2019-2-27 20:41:32.2,0
2019-2-27 20:41:45.3,0
2019-2-27 20:41:49.4,0
2019-2-27 20:42:02.5,0
2019-2-27 20:42:07.7,0
2019-2-27 20:42:10.9,0
2019-2-27 20:42:18.7,0
2019-2-27 20:42:21.3,0
2019-2-27 20:42:25.5,0
2019-2-27 20:42:31.2,0
2019-2-27 20:42:43.6,0
2019-2-27 20:42:43.8,0
2019-2-27 20:43:01.6,0
2019-2-27 20:43:19.1,0
2019-2-27 20:43:28.5,0
2019-2-27 20:43:37.4,0
2019-2-27 20:43:53.6,0
2019-2-27 20:43:55.4,0
2019-2-27 20:43:56.2,0
2019-2-27 20:43:58.7,0
2019-2-27 20:44:02.4,0
2019-2-27 20:44:06.1,0
2019-2-27 20:44:13.5,0
2019-2-27 20:44:31.0,0
2019-2-27 20:44:33.5,0
2019-2-27 20:44:38.4,0
2019-2-27 20:44:47.7,0
2019-2-27 20:44:49.3,0
2019-2-27 20:45:07.3,0
2019-2-27 20:45:09.1,0
2019-2-27 20:45:18.5,0
2019-2-27 20:45:25.0,0
2019-2-27 20:45:44.3,0
2019-2-27 20:45:49.4,0
2019-2-27 20:45:49.5,0
2019-2-27 20:45:58.9,0
2019-2-27 20:46:01.7,0
2019-2-27 20:46:02.0,0
2019-2-27 20:46:07.9,0
2019-2-27 20:46:13.1,0
2019-2-27 20:46:17.5,0
2019-2-27 20:46:19.7,0
2019-2-27 20:46:37.6,0
2019-2-27 20:46:55.7,0
2019-2-27 20:47:13.9,0
2019-2-27 20:47:32.3,0
2019-2-27 20:47:34.9,0
2019-2-27 20:47:40.0,0
2019-2-27 20:47:49.9,0
2019-2-27 20:47:52.8,0
2019-2-27 20:47:56.9,0
2019-2-27 20:48:06.8,0
2019-2-27 20:48:07.6,0
2019-2-27 20:48:26.9,0
2019-2-27 20:48:44.0,0
2019-2-27 20:48:49.8,0
2019-2-27 20:49:01.0,0
2019-2-27 20:49:01.7,0
2019-2-27 20:49:02.1,0
2019-2-27 20:49:14.2,0
2019-2-27 20:49:16.4,0
2019-2-27 20:49:19.8,0
2019-2-27 20:49:19.9,0
2019-2-27 20:49:36.2,0
2019-2-27 20:49:37.6,0
2019-2-27 20:49:55.6,0
2019-2-27 20:50:13.7,0
2019-2-27 20:50:31.8,0
2019-2-27 20:50:49.2,0
2019-2-27 20:51:02.6,0
2019-2-27 20:51:07.5,0
2019-2-27 20:51:16.5,0
2019-2-27 20:51:25.4,0
2019-2-27 20:51:36.9,0
2019-2-27 20:51:39.2,0
2019-2-27 20:51:43.3,0
2019-2-27 20:51:46.6,0
2019-2-27 20:52:01.5,0
2019-2-27 20:52:06.4,0
2019-2-27 20:52:14.4,0
2019-2-27 20:52:19.0,0
2019-2-27 20:52:37.1,0
2019-2-27 20:52:47.3,0
2019-2-27 20:52:55.1,0
2019-2-27 20:53:03.4,0
2019-2-27 20:53:11.9,0
2019-2-27 20:53:13.3,0
2019-2-27 20:53:15.9,0
2019-2-27 20:53:31.0,0
2019-2-27 20:54:07.2,0
2019-2-27 20:54:23.9,0
2019-2-27 20:54:25.3,0
2019-2-27 20:54:32.0,0
2019-2-27 20:54:41.9,0
2019-2-27 20:54:42.8,0
2019-2-27 20:54:46.9,0
2019-2-27 20:55:01.6,0
2019-2-27 20:55:18.8,0
2019-2-27 20:55:36.7,0
2019-2-27 20:55:55.0,0
2019-2-27 20:56:12.8,0
2019-2-27 20:56:16.3,0
2019-2-27 20:56:31.0,0
2019-2-27 20:56:47.5,0
2019-2-27 20:56:49.0,0
2019-2-27 20:57:06.6,0
2019-2-27 20:57:24.4,0
2019-2-27 20:57:42.5,0
2019-2-27 20:57:59.7,0
2019-2-27 20:58:00.6,0
2019-2-27 20:58:04.7,0
2019-2-27 20:58:18.5,0
2019-2-27 20:58:35.5,0
2019-2-27 20:58:36.7,0
2019-2-27 20:58:54.6,0
2019-2-27 20:59:12.5,0
2019-2-27 20:59:30.2,0
2019-2-27 20:59:48.3,0
2019-2-27 21:00:06.6,0
2019-2-27 21:00:24.4,0
2019-2-27 21:00:42.1,0
2019-2-27 21:01:00.2,0
2019-2-27 21:01:18.2,0
2019-2-27 21:01:35.9,0
2019-2-27 21:01:54.0,0
2019-2-27 21:02:12.4,0
2019-2-27 21:02:29.8,0
2019-2-27 21:02:46.8,0
2019-2-27 21:02:48.2,0
2019-2-27 21:03:06.2,0
2019-2-27 21:03:24.0,0
2019-2-27 21:03:41.8,0
2019-2-27 21:04:00.1,0
2019-2-27 21:04:18.0,0
2019-2-27 21:04:36.1,0
2019-2-27 21:04:53.7,0
2019-2-27 21:05:12.3,0
2019-2-27 21:05:30.0,0
2019-2-27 21:05:46.8,0
2019-2-27 21:05:47.8,0
2019-2-27 21:06:05.9,0
2019-2-27 21:06:23.8,0
2019-2-27 21:06:42.0,0
2019-2-27 21:06:59.7,0
2019-2-27 21:07:17.7,0
2019-2-27 21:07:35.7,0
2019-2-27 21:07:54.0,0
2019-2-27 21:08:11.5,0
2019-2-27 21:08:29.9,0
2019-2-27 21:08:47.6,0
2019-2-27 21:09:05.5,0
2019-2-27 21:09:23.5,0
2019-2-27 21:09:41.6,0
2019-2-27 21:09:59.2,0
2019-2-27 21:10:17.3,0
2019-2-27 21:10:35.3,0
2019-2-27 21:10:52.9,0
2019-2-27 21:11:11.2,0
2019-2-27 21:11:28.9,0
2019-2-27 21:11:47.2,0
2019-2-27 21:11:50.7,0
2019-2-27 21:11:56.4,0
2019-2-27 21:12:04.8,0
2019-2-27 21:12:22.8,0
2019-2-27 21:12:40.9,0
2019-2-27 21:12:59.1,0
2019-2-27 21:13:17.5,0
2019-2-27 21:13:35.8,0
2019-2-27 21:13:43.8,0
2019-2-27 21:13:52.6,0
2019-2-27 21:13:54.0,0
2019-2-27 21:14:11.5,0
2019-2-27 21:14:30.1,0
2019-2-27 21:14:47.6,0
2019-2-27 21:15:04.5,0
2019-2-27 21:15:05.7,0
2019-2-27 21:15:09.5,0
2019-2-27 21:15:23.6,0
2019-2-27 21:15:41.4,0
2019-2-27 21:15:58.4,0
2019-2-27 21:16:00.1,0
2019-2-27 21:16:17.6,0
2019-2-27 21:16:35.6,0
2019-2-27 21:16:53.4,0
2019-2-27 21:17:11.1,0
2019-2-27 21:17:29.3,0
2019-2-27 21:17:46.3,0
2019-2-27 21:17:47.0,0
2019-2-27 21:18:05.4,0
2019-2-27 21:18:23.6,0
2019-2-27 21:18:41.0,0
2019-2-27 21:18:58.2,0
2019-2-27 21:18:59.3,0
2019-2-27 21:19:15.9,0
2019-2-27 21:19:17.1,0
2019-2-27 21:19:26.4,0
2019-2-27 21:19:35.2,0
2019-2-27 21:19:52.8,0
2019-2-27 21:20:10.8,0
2019-2-27 21:20:27.8,0
2019-2-27 21:20:29.1,0
2019-2-27 21:20:47.4,0
2019-2-27 21:21:05.1,0
2019-2-27 21:21:22.9,0
2019-2-27 21:21:39.7,0
2019-2-27 21:21:40.9,0
2019-2-27 21:21:44.5,0
2019-2-27 21:21:57.5,0
2019-2-27 21:21:58.6,0
2019-2-27 21:22:16.5,0
2019-2-27 21:22:34.6,0
2019-2-27 21:22:52.5,0
2019-2-27 21:23:10.8,0
2019-2-27 21:23:27.3,0
2019-2-27 21:23:28.5,0
2019-2-27 21:23:47.0,0
2019-2-27 21:24:03.5,0
2019-2-27 21:24:04.3,0
2019-2-27 21:24:22.6,0
2019-2-27 21:24:40.6,0
2019-2-27 21:24:58.3,0
2019-2-27 21:25:16.4,0
2019-2-27 21:25:34.4,0
2019-2-27 21:25:51.4,0
2019-2-27 21:25:52.1,0
2019-2-27 21:26:10.3,0
2019-2-27 21:26:28.0,0
2019-2-27 21:26:46.4,0
2019-2-27 21:26:59.8,0
2019-2-27 21:27:04.2,0
2019-2-27 21:27:22.2,0
2019-2-27 21:27:40.0,0
2019-2-27 21:27:58.4,0
2019-2-27 21:27:59.5,0
2019-2-27 21:27:59.8,0
2019-2-27 21:28:05.8,0
2019-2-27 21:28:06.0,0
2019-2-27 21:28:16.2,0
2019-2-27 21:28:34.0,0
2019-2-27 21:28:52.3,0
2019-2-27 21:29:10.0,0
2019-2-27 21:29:26.6,0
2019-2-27 21:29:28.3,0
2019-2-27 21:29:38.9,0
2019-2-27 21:29:44.0,0
2019-2-27 21:29:46.0,0
2019-2-27 21:29:46.2,0
2019-2-27 21:30:04.0,0
2019-2-27 21:30:21.7,0
2019-2-27 21:30:40.0,0
2019-2-27 21:30:58.0,0
2019-2-27 21:31:06.3,0
2019-2-27 21:31:15.9,0
2019-2-27 21:31:33.7,0
2019-2-27 21:31:36.9,0
2019-2-27 21:31:52.9,0
2019-2-27 21:32:09.9,0
2019-2-27 21:32:28.1,0
2019-2-27 21:32:45.3,0
2019-2-27 21:32:57.6,0
2019-2-27 21:32:59.1,0
2019-2-27 21:33:04.1,0
2019-2-27 21:33:21.8,0
2019-2-27 21:33:39.4,0
2019-2-27 21:33:57.9,0
2019-2-27 21:34:16.2,0
2019-2-27 21:34:33.8,0
2019-2-27 21:34:52.1,0
2019-2-27 21:35:10.2,0
2019-2-27 21:35:27.9,0
2019-2-27 21:35:45.8,0
2019-2-27 21:35:48.6,0
2019-2-27 21:36:04.1,0
2019-2-27 21:36:22.0,0
2019-2-27 21:36:39.7,0
2019-2-27 21:36:57.8,0
2019-2-27 21:37:15.7,0
2019-2-27 21:37:33.5,0
2019-2-27 21:37:34.0,0
2019-2-27 21:37:37.0,0
2019-2-27 21:37:51.8,0
2019-2-27 21:37:58.6,0
2019-2-27 21:37:58.7,0
2019-2-27 21:38:08.9,0
2019-2-27 21:38:09.7,0
2019-2-27 21:38:27.4,0
2019-2-27 21:38:31.4,0
2019-2-27 21:38:37.9,0
2019-2-27 21:38:38.3,0
2019-2-27 21:38:42.9,0
2019-2-27 21:38:43.6,0
2019-2-27 21:38:45.4,0
2019-2-27 21:38:59.0,0
2019-2-27 21:39:03.3,0
2019-2-27 21:39:04.3,0
2019-2-27 21:39:21.8,0
2019-2-27 21:39:38.6,0
2019-2-27 21:39:40.2,0
2019-2-27 21:39:44.0,0
2019-2-27 21:39:48.1,0
2019-2-27 21:39:52.4,0
2019-2-27 21:39:57.7,0
2019-2-27 21:40:15.7,0
2019-2-27 21:40:16.2,0
2019-2-27 21:40:33.8,0
2019-2-27 21:40:34.3,0
2019-2-27 21:40:36.1,0
2019-2-27 21:40:48.7,0
2019-2-27 21:40:52.0,0
2019-2-27 21:41:09.9,0
2019-2-27 21:41:10.4,0
2019-2-27 21:41:20.0,0
2019-2-27 21:41:27.6,0
2019-2-27 21:41:46.4,0
2019-2-27 21:42:04.2,0
2019-2-27 21:42:04.4,0
2019-2-27 21:42:04.5,0
2019-2-27 21:42:10.4,0
2019-2-27 21:42:20.4,0
2019-2-27 21:42:22.4,0
2019-2-27 21:42:40.5,0
2019-2-27 21:42:47.2,0
2019-2-27 21:42:54.5,0
2019-2-27 21:42:58.3,0
2019-2-27 21:43:08.1,0
2019-2-27 21:43:12.3,0
2019-2-27 21:43:15.9,0
2019-2-27 21:43:16.4,0
2019-2-27 21:43:16.7,0
2019-2-27 21:43:34.0,0
2019-2-27 21:43:34.3,0
2019-2-27 21:43:46.0,0
2019-2-27 21:43:46.1,0
2019-2-27 21:43:52.3,0
2019-2-27 21:44:10.2,0
2019-2-27 21:44:27.9,0
2019-2-27 21:44:44.6,0
2019-2-27 21:44:44.6,0
2019-2-27 21:44:46.1,0
2019-2-27 21:45:04.2,0
2019-2-27 21:45:22.0,0
2019-2-27 21:45:40.0,0
2019-2-27 21:45:57.7,0
2019-2-27 21:46:16.0,0
2019-2-27 21:46:33.5,0
2019-2-27 21:46:50.4,0
2019-2-27 21:46:51.5,0
2019-2-27 21:47:09.8,0
2019-2-27 21:47:28.2,0
2019-2-27 21:47:45.8,0
2019-2-27 21:48:02.5,0
2019-2-27 21:48:03.5,0
2019-2-27 21:48:07.5,0
2019-2-27 21:48:07.5,0
2019-2-27 21:48:20.5,0
2019-2-27 21:48:21.7,0
2019-2-27 21:48:25.8,0
2019-2-27 21:48:39.5,0
2019-2-27 21:48:58.1,0
2019-2-27 21:49:16.1,0
2019-2-27 21:49:33.5,0
2019-2-27 21:49:50.4,0
2019-2-27 21:49:51.5,0
2019-2-27 21:50:09.5,0
2019-2-27 21:50:27.2,0
2019-2-27 21:50:45.2,0
2019-2-27 21:51:00.9,0
2019-2-27 21:51:03.2,0
2019-2-27 21:51:21.0,0
2019-2-27 21:51:39.0,0
2019-2-27 21:51:57.0,0
2019-2-27 21:52:15.4,0
2019-2-27 21:52:33.4,0
2019-2-27 21:52:51.4,0
2019-2-27 21:53:09.2,0
2019-2-27 21:53:27.1,0
2019-2-27 21:53:45.3,0
2019-2-27 21:54:03.2,0
2019-2-27 21:54:21.0,0
2019-2-27 21:54:38.8,0
2019-2-27 21:54:57.0,0
2019-2-27 21:55:00.9,0
2019-2-27 21:55:15.0,0
2019-2-27 21:55:33.0,0
2019-2-27 21:55:50.9,0
2019-2-27 21:56:09.2,0
2019-2-27 21:56:25.7,0
2019-2-27 21:56:26.6,0
2019-2-27 21:56:44.8,0
2019-2-27 21:57:02.6,0
2019-2-27 21:57:20.4,0
2019-2-27 21:57:38.5,0
2019-2-27 21:57:55.3,0
2019-2-27 21:57:56.5,0
2019-2-27 21:58:14.4,0
2019-2-27 21:58:32.6,0
2019-2-27 21:58:50.2,0
2019-2-27 21:59:08.3,0
2019-2-27 21:59:25.4,0
2019-2-27 21:59:26.5,0
2019-2-27 21:59:44.7,0
2019-2-27 22:00:02.7,0
2019-2-27 22:00:20.3,0
2019-2-27 22:00:38.3,0
2019-2-27 22:00:55.2,0
2019-2-27 22:00:56.3,0
2019-2-27 22:01:14.4,0
2019-2-27 22:01:31.9,0
2019-2-27 22:01:50.2,0
2019-2-27 22:02:07.0,0
2019-2-27 22:02:07.8,0
2019-2-27 22:02:25.0,0
2019-2-27 22:02:26.0,0
2019-2-27 22:02:43.8,0
2019-2-27 22:03:01.8,0
2019-2-27 22:03:20.2,0
2019-2-27 22:03:36.8,0
2019-2-27 22:03:37.9,0
2019-2-27 22:03:56.0,0
2019-2-27 22:04:13.9,0
2019-2-27 22:04:32.2,0
2019-2-27 22:04:49.7,0
2019-2-27 22:05:07.8,0
2019-2-27 22:05:25.8,0
2019-2-27 22:05:43.7,0
2019-2-27 22:06:01.7,0
2019-2-27 22:06:18.5,0
2019-2-27 22:06:19.8,0
2019-2-27 22:06:36.5,0
2019-2-27 22:06:37.7,0
2019-2-27 22:06:55.6,0
2019-2-27 22:07:13.4,0
2019-2-27 22:07:31.3,0
2019-2-27 22:07:48.5,0
2019-2-27 22:07:49.5,0
2019-2-27 22:08:07.5,0
2019-2-27 22:08:25.8,0
2019-2-27 22:08:43.2,0
2019-2-27 22:09:01.6,0
2019-2-27 22:09:19.1,0
2019-2-27 22:09:37.0,0
2019-2-27 22:09:55.2,0
2019-2-27 22:10:03.0,0
2019-2-27 22:10:03.0,0
2019-2-27 22:10:08.4,0
2019-2-27 22:10:11.2,0
2019-2-27 22:10:13.1,0
2019-2-27 22:10:13.7,0
2019-2-27 22:10:21.7,0
2019-2-27 22:10:30.9,0
2019-2-27 22:10:36.4,0
2019-2-27 22:10:48.9,0
2019-2-27 22:11:07.1,0
2019-2-27 22:11:25.9,0
2019-2-27 22:11:43.7,0
2019-2-27 22:12:01.6,0
2019-2-27 22:12:15.6,0
2019-2-27 22:12:19.4,0
2019-2-27 22:12:20.2,0
2019-2-27 22:12:37.6,0
2019-2-27 22:12:55.5,0
2019-2-27 22:13:13.7,0
2019-2-27 22:13:31.2,0
2019-2-27 22:13:48.5,0
2019-2-27 22:13:49.2,0
2019-2-27 22:14:07.5,0
2019-2-27 22:14:25.5,0
2019-2-27 22:14:43.3,0
2019-2-27 22:15:01.1,0
2019-2-27 22:15:18.3,0
2019-2-27 22:15:19.3,0
2019-2-27 22:15:37.2,0
2019-2-27 22:15:55.3,0
2019-2-27 22:16:13.2,0
2019-2-27 22:16:31.0,0
2019-2-27 22:16:44.8,0
2019-2-27 22:16:49.2,0
2019-2-27 22:17:06.8,0
2019-2-27 22:17:25.1,0
2019-2-27 22:17:28.1,0
2019-2-27 22:17:43.4,0
2019-2-27 22:18:01.0,0
2019-2-27 22:18:01.1,0
2019-2-27 22:18:19.2,0
2019-2-27 22:18:36.8,0
2019-2-27 22:18:54.7,0
2019-2-27 22:18:59.3,0
2019-2-27 22:19:12.8,0
2019-2-27 22:19:30.6,0
2019-2-27 22:19:48.8,0
2019-2-27 22:20:07.2,0
2019-2-27 22:20:24.8,0
2019-2-27 22:20:42.7,0
2019-2-27 22:21:00.9,0
2019-2-27 22:21:10.8,0
2019-2-27 22:21:18.3,0
2019-2-27 22:21:33.6,0
2019-2-27 22:21:36.5,0
2019-2-27 22:21:36.6,0
2019-2-27 22:21:52.9,0
2019-2-27 22:21:54.4,0
2019-2-27 22:21:54.7,0
2019-2-27 22:22:12.7,0
2019-2-27 22:22:30.3,0
2019-2-27 22:22:48.7,0
2019-2-27 22:22:52.3,0
2019-2-27 22:23:05.2,0
2019-2-27 22:23:06.4,0
2019-2-27 22:23:24.1,0
2019-2-27 22:23:42.1,0
2019-2-27 22:24:00.7,0
2019-2-27 22:24:18.3,0
2019-2-27 22:24:36.3,0
2019-2-27 22:24:54.3,0
2019-2-27 22:25:01.8,0
2019-2-27 22:25:12.0,0
2019-2-27 22:25:20.7,0
2019-2-27 22:25:30.1,0
2019-2-27 22:25:48.1,0
2019-2-27 22:25:55.8,0
2019-2-27 22:26:06.0,0
2019-2-27 22:26:24.5,0
2019-2-27 22:26:42.0,0
2019-2-27 22:27:00.1,0
2019-2-27 22:31:11.6,0
2019-2-27 22:31:23.4,0
2019-2-27 22:31:29.5,0
2019-2-27 22:31:47.3,0
2019-2-27 22:31:50.8,0
2019-2-27 22:31:57.7,0
2019-2-27 22:32:02.6,0
2019-2-27 22:32:05.7,0
2019-2-27 22:32:07.2,0
2019-2-27 22:32:19.8,0
2019-2-27 22:32:22.1,0
2019-2-27 22:32:23.3,0
2019-2-27 22:32:32.1,0
2019-2-27 22:32:41.1,0
2019-2-27 22:32:59.0,0
2019-2-27 22:33:16.9,0
2019-2-27 22:33:35.3,0
2019-2-27 22:33:52.9,0
2019-2-27 22:34:11.2,0
2019-2-27 22:34:18.0,0
2019-2-27 22:34:19.3,0
2019-2-27 22:34:29.0,0
2019-2-27 22:34:46.7,0
2019-2-27 22:35:04.9,0
2019-2-27 22:35:22.7,0
2019-2-27 22:35:30.3,0
2019-2-27 22:35:40.9,0
2019-2-27 22:35:51.1,0
2019-2-27 22:35:53.4,0
2019-2-27 22:35:58.7,0
2019-2-27 22:36:12.3,0
2019-2-27 22:36:16.9,0
2019-2-27 22:36:34.9,0
2019-2-27 22:36:52.9,0
2019-2-27 22:37:11.0,0
2019-2-27 22:37:28.6,0
2019-2-27 22:37:46.4,0
2019-2-27 22:38:04.5,0
2019-2-27 22:38:22.4,0
2019-2-27 22:38:41.2,0
2019-2-27 22:38:58.7,0
2019-2-27 22:39:16.4,0
2019-2-27 22:39:34.3,0
2019-2-27 22:39:48.3,0
2019-2-27 22:39:52.3,0
2019-2-27 22:40:10.5,0
2019-2-27 22:40:28.5,0
2019-2-27 22:40:46.2,0
2019-2-27 22:41:04.2,0
2019-2-27 22:41:22.5,1
2019-2-27 22:41:40.1,0
2019-2-27 22:41:58.2,0
2019-2-27 22:42:15.9,0
2019-2-27 22:42:34.1,0
2019-2-27 22:42:52.0,61
2019-2-27 22:43:10.1,58
2019-2-27 22:43:28.2,66
2019-2-27 22:43:45.9,60
2019-2-27 22:44:03.9,62
2019-2-27 22:44:18.6,45
2019-2-27 22:44:22.0,58
2019-2-27 22:44:23.5,45
2019-2-27 22:44:39.8,61
2019-2-27 22:44:58.2,61
2019-2-27 22:45:15.6,63
2019-2-27 22:45:33.8,60
2019-2-27 22:45:51.6,63
2019-2-27 22:46:09.9,60
2019-2-27 22:46:27.7,63
2019-2-27 22:46:46.0,60
2019-2-27 22:47:03.5,62
2019-2-27 22:47:04.3,62
2019-2-27 22:47:21.4,63
2019-2-27 22:47:37.4,52
2019-2-27 22:47:39.6,60
2019-2-27 22:47:57.4,62
2019-2-27 22:48:15.4,59
2019-2-27 22:48:33.6,58
2019-2-27 22:48:51.6,63
2019-2-27 22:49:09.1,64
2019-2-27 22:49:27.4,62
2019-2-27 22:49:45.6,60
2019-2-27 22:50:03.0,61
2019-2-27 22:50:21.5,63
2019-2-27 22:50:39.4,63
2019-2-27 22:50:57.3,61
2019-2-27 22:51:15.2,64
2019-2-27 22:51:33.5,63
2019-2-27 22:51:51.2,60
2019-2-27 22:52:09.1,62
2019-2-27 22:52:27.2,62
2019-2-27 22:52:45.0,61
2019-2-27 22:53:03.8,61
2019-2-27 22:53:21.6,61
2019-2-27 22:53:39.9,60
2019-2-27 22:53:54.6,49
2019-2-27 22:53:57.6,62
2019-2-27 22:54:15.9,59
2019-2-27 22:54:33.8,63
2019-2-27 22:54:51.3,60
2019-2-27 22:55:09.6,60
2019-2-27 22:55:26.4,62
2019-2-27 22:55:44.4,61
2019-2-27 22:56:02.2,61
2019-2-27 22:56:20.3,63
2019-2-27 22:56:56.3,63
2019-2-27 22:57:14.2,64
2019-2-27 23:03:32.1,60
2019-2-27 23:03:50.1,63
2019-2-27 23:04:26.0,61
2019-2-27 23:04:44.0,63
2019-2-27 23:05:02.0,60
2019-2-27 23:05:19.9,60
2019-2-27 23:05:37.9,65
2019-2-27 23:05:55.9,64
2019-2-27 23:06:31.8,60
2019-2-27 23:06:36.8,60
2019-2-27 23:06:49.8,60
2019-2-27 23:07:07.8,62
2019-2-27 23:07:25.7,59
2019-2-27 23:07:43.7,63
2019-2-27 23:08:01.7,60
2019-2-27 23:08:19.6,63
2019-2-27 23:08:37.6,58
2019-2-27 23:08:55.5,61
2019-2-27 23:09:31.5,62
2019-2-27 23:09:49.3,61
2019-2-27 23:10:07.4,65
2019-2-27 23:10:43.3,62
2019-2-27 23:11:01.3,65
2019-2-27 23:11:37.2,65
2019-2-27 23:12:13.2,60
2019-2-27 23:12:13.3,60
2019-2-27 23:12:18.3,60
2019-2-27 23:12:31.1,62
2019-2-27 23:12:49.1,63
2019-2-27 23:12:49.2,63
2019-2-27 23:12:53.2,63
2019-2-27 23:13:07.2,63
2019-2-27 23:13:25.1,61
2019-2-27 23:13:43.0,63
2019-2-27 23:13:43.1,63
2019-2-27 23:13:47.1,63
2019-2-27 23:14:01.1,65
2019-2-27 23:14:19.0,59
2019-2-27 23:14:36.9,58
2019-2-27 23:14:54.8,62
2019-2-27 23:15:12.9,62
2019-2-27 23:15:30.8,0
2019-2-27 23:15:48.8,1
2019-2-27 23:16:01.1,1
2019-2-27 23:16:24.7,0
2019-2-27 23:17:18.5,0
2019-2-27 23:17:36.6,1
2019-2-27 23:17:36.6,1
2019-2-27 23:17:40.6,1
2019-2-27 23:17:54.6,1
2019-2-27 23:18:12.2,0
2019-2-27 23:18:12.5,0
2019-2-27 23:18:30.5,0
2019-2-27 23:18:48.5,1
2019-2-27 23:19:06.4,0
2019-2-27 23:19:24.4,1
2019-2-27 23:19:42.4,1
2019-2-27 23:20:18.3,0
2019-2-27 23:20:36.3,0
2019-2-27 23:20:54.2,0
2019-2-27 23:21:12.2,0
2019-2-27 23:21:30.2,0
2019-2-27 23:21:30.2,0
2019-2-27 23:21:48.3,0
2019-2-27 23:22:00.4,0
2019-2-27 23:22:06.1,0
2019-2-27 23:22:06.2,0
2019-2-27 23:22:11.2,0
2019-2-27 23:22:24.2,0
2019-2-27 23:22:42.0,0
2019-2-27 23:22:42.2,0
2019-2-27 23:22:47.2,0
2019-2-27 23:23:00.0,0
2019-2-27 23:23:18.0,0
2019-2-27 23:23:35.9,2
2019-2-27 23:23:53.9,0
2019-2-27 23:24:29.8,1
2019-2-27 23:25:05.8,0
2019-2-27 23:25:23.7,0
2019-2-27 23:25:41.7,0
2019-2-27 23:25:59.1,0
2019-2-27 23:25:59.5,0
2019-2-27 23:26:17.1,1
2019-2-27 23:26:17.6,1
2019-2-27 23:26:35.1,0
2019-2-27 23:26:53.6,0
2019-2-27 23:27:05.8,1
2019-2-27 23:27:29.5,0
2019-2-27 23:28:05.4,1
2019-2-27 23:28:23.3,1
2019-2-27 23:28:41.3,0
2019-2-27 23:28:59.3,1
2019-2-27 23:29:17.3,0
2019-2-27 23:29:35.2,0
2019-2-27 23:29:53.2,0
2019-2-27 23:30:11.2,0
2019-2-27 23:30:29.1,1
2019-2-27 23:30:47.1,1
2019-2-27 23:31:05.1,0
2019-2-27 23:31:23.0,0
2019-2-27 23:31:41.0,1
2019-2-27 23:31:41.2,1
2019-2-27 23:31:59.2,0
2019-2-27 23:32:16.9,0
2019-2-27 23:32:17.1,0
2019-2-27 23:32:35.1,0
2019-2-27 23:32:52.9,0
2019-2-27 23:32:53.1,0
2019-2-27 23:32:57.0,0
2019-2-27 23:32:57.1,0
2019-2-27 23:33:02.2,0
2019-2-27 23:33:10.8,0
2019-2-27 23:33:11.1,0
2019-2-27 23:33:15.1,0
2019-2-27 23:33:28.8,0
2019-2-27 23:33:29.0,0
2019-2-27 23:33:46.8,0
2019-2-27 23:33:47.0,0
2019-2-27 23:34:04.7,0
2019-2-27 23:34:05.0,0
2019-2-27 23:34:22.7,1
2019-2-27 23:34:22.9,1
2019-2-27 23:34:40.7,0
2019-2-27 23:34:40.9,0
2019-2-27 23:34:58.4,0
2019-2-27 23:34:58.9,0
2019-2-27 23:35:16.6,1
2019-2-27 23:35:16.8,1
2019-2-27 23:35:34.6,1
2019-2-27 23:35:34.8,1
2019-2-27 23:35:52.8,0
2019-2-27 23:36:10.7,0
2019-2-27 23:36:28.5,0
2019-2-27 23:36:28.7,0
2019-2-27 23:36:46.4,0
2019-2-27 23:36:46.7,0
2019-2-27 23:36:50.7,0
2019-2-27 23:37:04.4,0
2019-2-27 23:37:04.6,0
2019-2-27 23:37:22.4,0
2019-2-27 23:37:22.6,0
2019-2-27 23:37:26.6,0
2019-2-27 23:37:40.3,0
2019-2-27 23:37:40.6,0
2019-2-27 23:37:44.6,0
2019-2-27 23:37:58.3,0
2019-2-27 23:37:58.5,0
2019-2-27 23:38:02.6,0
2019-2-27 23:38:16.3,0
2019-2-27 23:38:16.5,0
2019-2-27 23:38:21.5,0
2019-2-27 23:38:34.2,0
2019-2-27 23:38:34.5,0
2019-2-27 23:38:38.5,0
2019-2-27 23:38:52.2,1
2019-2-27 23:38:52.5,1
2019-2-27 23:39:10.2,0
2019-2-27 23:39:10.4,0
2019-2-27 23:39:28.4,1
2019-2-27 23:39:46.1,0
2019-2-27 23:39:46.4,0
2019-2-27 23:40:00.5,0
2019-2-27 23:40:04.6,0
2019-2-27 23:40:22.0,1
2019-2-27 23:40:22.3,1
2019-2-27 23:40:40.0,0
2019-2-27 23:40:45.3,0
2019-2-27 23:40:50.4,0
2019-2-27 23:40:58.0,0
2019-2-27 23:40:58.2,0
2019-2-27 23:41:15.9,0
2019-2-27 23:41:16.2,0
2019-2-27 23:41:20.2,0
2019-2-27 23:41:33.9,1
2019-2-27 23:41:34.2,1
2019-2-27 23:41:51.7,1
2019-2-27 23:42:09.8,0
2019-2-27 23:42:10.1,0
2019-2-27 23:42:27.8,0
2019-2-27 23:42:32.1,0
2019-2-27 23:42:45.8,0
2019-2-27 23:42:46.0,0
2019-2-27 23:42:51.0,0
2019-2-27 23:42:55.1,0
2019-2-27 23:43:04.0,1
2019-2-27 23:43:22.0,0
2019-2-27 23:43:39.6,0
2019-2-27 23:43:39.9,0
2019-2-27 23:43:46.0,0
2019-2-27 23:43:58.2,0
2019-2-27 23:43:58.5,0
2019-2-27 23:44:16.2,0
2019-2-27 23:44:16.5,0
2019-2-27 23:44:34.2,0
2019-2-27 23:44:34.5,0
2019-2-27 23:44:38.5,0
2019-2-27 23:44:47.6,0
2019-2-27 23:44:51.7,0
2019-2-27 23:44:56.7,0
2019-2-27 23:45:10.1,0
2019-2-27 23:45:10.4,0
2019-2-27 23:45:28.4,1
2019-2-27 23:45:46.3,0
2019-2-27 23:46:04.0,1
2019-2-27 23:46:21.9,0
2019-2-27 23:46:22.3,0
2019-2-27 23:46:39.9,0
2019-2-27 23:46:40.2,0
2019-2-27 23:46:57.9,0
2019-2-27 23:46:58.2,0
2019-2-27 23:47:03.2,0
2019-2-27 23:47:15.7,1
2019-2-27 23:47:16.2,1
2019-2-27 23:47:34.1,0
2019-2-27 23:47:51.8,0
2019-2-27 23:47:52.1,0
2019-2-27 23:48:09.7,0
2019-2-27 23:48:10.1,0
2019-2-27 23:48:15.1,0
2019-2-27 23:48:27.7,0
2019-2-27 23:48:45.7,0
2019-2-27 23:48:46.0,0
2019-2-27 23:48:52.0,0
2019-2-27 23:48:56.1,0
2019-2-27 23:49:01.1,0
2019-2-27 23:49:04.0,0
2019-2-27 23:49:21.6,0
2019-2-27 23:49:22.0,0
2019-2-27 23:49:39.6,0
2019-2-27 23:49:39.9,0
2019-2-27 23:49:57.5,0
2019-2-27 23:49:57.9,0
2019-2-27 23:50:15.5,0
2019-2-27 23:50:33.8,0
2019-2-27 23:50:51.8,0
2019-2-27 23:51:09.4,0
2019-2-27 23:51:09.8,0
2019-2-27 23:51:27.4,0
2019-2-27 23:51:27.7,0
2019-2-27 23:51:32.7,0
2019-2-27 23:51:45.7,0
2019-2-27 23:52:03.3,0
2019-2-27 23:52:03.7,0
2019-2-27 23:52:07.7,0
2019-2-27 23:52:12.8,0
2019-2-27 23:52:21.3,0
2019-2-27 23:52:21.6,0
2019-2-27 23:52:25.6,0
2019-2-27 23:52:29.7,0
2019-2-27 23:52:34.8,0
2019-2-27 23:52:57.2,0
2019-2-27 23:52:57.6,0
2019-2-27 23:53:01.6,0
2019-2-27 23:53:15.2,0
2019-2-27 23:53:15.3,0
2019-2-27 23:53:15.5,0
2019-2-27 23:53:33.1,0
2019-2-27 23:53:33.2,0
2019-2-27 23:53:33.5,0
2019-2-27 23:53:45.3,0
2019-2-27 23:53:51.5,0
2019-2-27 23:54:09.1,0
2019-2-27 23:54:09.4,0
2019-2-27 23:54:14.5,0
2019-2-27 23:54:19.5,0
2019-2-27 23:54:27.4,0
2019-2-27 23:54:45.0,0
2019-2-27 23:54:45.4,0
2019-2-27 23:54:50.4,0
2019-2-27 23:55:03.4,1
2019-2-27 23:55:20.9,0
2019-2-27 23:55:21.3,0
2019-2-27 23:55:27.3,0
2019-2-27 23:55:31.4,0
2019-2-27 23:55:39.0,0
2019-2-27 23:55:39.3,0
2019-2-27 23:55:57.3,0
2019-2-27 23:56:14.8,0
2019-2-27 23:56:15.2,0
2019-2-27 23:56:19.2,0
2019-2-27 23:56:32.8,0
2019-2-27 23:56:33.2,0
2019-2-27 23:56:37.2,0
2019-2-27 23:56:42.3,0
2019-2-27 23:56:46.3,0
2019-2-27 23:56:51.0,0
2019-2-27 23:56:51.2,0
2019-2-27 23:57:08.7,0
2019-2-27 23:57:09.1,0
2019-2-27 23:57:14.1,0
2019-2-27 23:57:18.2,0
2019-2-27 23:57:26.7,0
2019-2-27 23:57:27.1,0
2019-2-27 23:57:45.1,0
2019-2-27 23:58:02.6,1
2019-2-27 23:58:03.0,1
2019-2-27 23:58:07.9,1
2019-2-27 23:58:08.0,1
2019-2-27 23:58:20.6,0
2019-2-27 23:58:21.0,0
2019-2-27 23:58:39.0,0
2019-2-27 23:58:56.5,0
2019-2-27 23:58:56.9,0
2019-2-27 23:59:02.0,0
2019-2-27 23:59:06.0,0
2019-2-27 23:59:12.1,0
2019-2-27 23:59:14.5,0
2019-2-27 23:59:14.9,0
2019-2-27 23:59:18.9,0
2019-2-27 23:59:23.0,0
2019-2-27 23:59:32.5,0
2019-2-27 23:59:32.9,0
2019-2-27 23:59:50.8,0
